Description,country,commodity,fac_name,latitude,longitude,capacity,Ticker
Rio Tinto Alcan Inc.,Australia,Aluminum,Yarwun alumina refinery,-23.87,151.29,1400,RIO
"Boyne Smelters Ltd., operator",Australia,Aluminum,Boyne Island aluminum smelter,-23.93,151.34,550,#N/A
"Tomago Aluminum Co. Pty. Ltd., operator",Australia,Aluminum,Tomago aluminum smelter,-32.82,151.72,525,#N/A
"Alcoa of Australia, manager",Australia,Aluminum,Portland aluminum smelter,-38.38,141.63,345,AA
Alcoa of Australia,Australia,Aluminum,Point Henry aluminum smelter,-38.14,144.42,185,AA
Hydro Aluminum Kurri Kurri Pty. Ltd.,Australia,Aluminum,Kurri Kurri aluminum smelter,-32.79,151.48,165,#N/A
Rio Tinto Alcan Inc.,Australia,Aluminum,Bell Bay aluminum smelter,-41.13,146.87,160,RIO
BHP Billiton Ltd.,Australia,Coal: black,Goonyella-Riverside open pit coal mines,-21.74,147.98,16000,BBL
"Coal and Allied Industries Ltd., manager",Australia,Coal: black,"Hunter Valley Operations (Carrington Chestnut, Howick, Hunt Valley No. 1, Lemington, Riverview open pit coal mine)",-32.38,151.02,15000,#N/A
Xstrata plc.,Australia,Coal: black,Newlands-Collinsville-Abbot Point open pit/longwall coal mine,-21.23,147.91,15000,#N/A
BHP Billiton Ltd.,Australia,Coal: black,Mount Arthur open pit coal mine,-32.33,150.86,15000,BBL
"BHP Billiton Mitsubishi Alliance, manager",Australia,Coal: black,Blackwater open pit coal mine (includes South Blackwater),-23.77,148.84,14000,BBL
"Rio Tinto Ltd.,  manager",Australia,Coal: black,Blair Athol open pit coal mine,-22.7,147.55,13000,RIO
Coal and Allied Industries Ltd.,Australia,Coal: black,Mount Thorley open pit coal mine,-32.66,151.08,12000,#N/A
Anglo Coal Pty. Ltd.,Australia,Coal: black,Callide coal mine,-24.21,150.5,10700,#N/A
"Oakbridge Pty. Ltd., manager",Australia,Coal: black,Bulga open pit/longwall coal mine,-32.61,151.06,10000,#N/A
Xstrata plc,Australia,Coal: black,Oaky Creek longwall and Alliance open pit coal mine,-23.06,148.51,9500,#N/A
Idemitsu Kosan Co. Ltd.,Australia,Coal: black,Ensham-Yongala open pit coal mine,-23.46,148.49,9000,#N/A
Wesfarmers Ltd.,Australia,Coal: black,Curragh open pit coal mine,-23.21,148.32,9000,#N/A
"Illawarra Coal Holdings Pty. Ltd., operator",Australia,Coal: black,Appin longwall coal mine,-34.21,150.79,8800,#N/A
Rio Tinto Ltd.,Australia,Coal: black,Hail Creek open pit coal mine,-21.49,148.38,8000,RIO
Xstrata plc.,Australia,Coal: black,Rollestone open pit coal mine,-24.45,148.41,8000,#N/A
Xstrata plc.,Australia,Coal: black,Mount Owen open pit coal mine,-32.45,150.97,7700,#N/A
Anglo American Plc,Australia,Coal: black,"Dawson Coal complex (includes Moura, Theodore and Taroom)",-24.71,150.06,7000,#N/A
Rio Tinto Ltd.,Australia,Coal: black,Tarong-Meandu open pit coal mine,-26.81,151.92,7000,RIO
"Coal and Allied Industries Ltd., manager",Australia,Coal: black,Bengalla open pit coal mine,-32.27,150.84,6600,#N/A
Peabody Energy Corp.,Australia,Coal: black,Wambo open pit/ underground coal mine,-32.57,151,6000,BTU
Anglo American Plc,Australia,Coal: black,German Creek and German Creek East open pit/underground coal mine,-22.93,148.56,6000,NGLOY
Peabody Energy Corp.,Australia,Coal: black,Burton open pit coal mine,-21.36,147.92,5800,BTU
Anglo Coal Holdings Australia Ltd.,Australia,Coal: black,Moranbah North longwall coal mine,-21.88,147.96,5800,#N/A
"BHP Billiton Mitsubishi Alliance, manager",Australia,Coal: black,Gregory Crinum open pit/ underground coal mine,-23.19,148.37,5500,BBL
BHP Billiton Ltd.,Australia,Coal: black,Dendrobium longwall coal mine,-34.52,150.73,5200,BBL
"Anglo Coal Holdings Australia Ltd., manager",Australia,Coal: black,Drayton open pit coal mine,-32.34,150.93,5000,#N/A
Centennial Coal Co. Ltd.,Australia,Coal: black,Mondalong underground coal mine,-33.17,151.52,4500,CEY
BHP Mitsui Coal Pty. Ltd.,Australia,Coal: black,South Walker Creek open pit/ underground coal mine,-21.79,148.47,4300,#N/A
"Camberwell Coal Pty. Ltd., manager",Australia,Coal: black,Camberwell open pit coal mine,-32.68,151.13,4000,#N/A
Wesfarmers Premier Coal Ltd.,Australia,Coal: black,Premier open pit coal mine,-33.41,116.29,4000,#N/A
Anglo Coal Pty. Ltd.,Australia,Coal: black,Boundary Hill open pit coal mine (includes Callide),-24.31,150.63,4000,#N/A
Felix Resources Ltd.,Australia,Coal: black,Ashton open pit/ underground coal mine,-32.52,151.03,4000,#N/A
"Australian Premium Coals Pty. Ltd., manager",Australia,Coal: black,Coppabella open pit coal mine,-21.86,148.44,4000,#N/A
Xstrata Coal Australia Pty. Ltd.,Australia,Coal: black,Liddell open pit coal mine,-32.41,151.08,4000,#N/A
Centennial Coal Co. Ltd.,Australia,Coal: black,Newstan longwall coal mine,-32.96,151.59,4000,#N/A
Queensland Coal Mine Management Pty. Ltd.,Australia,Coal: black,Jellinbah East open pit coal mine,-23.39,148.95,4000,NHPEF
New Hope Corp. Ltd.,Australia,Coal: black,New Acland open pit coal mine,-27.27,151.71,3750,#N/A
Anglo Coal Holdings Australia Ltd.,Australia,Coal: black,Dartbrook longwall coal mine,-32.19,150.9,3750,#N/A
"Roche Mining Pty. Ltd., operator",Australia,Coal: black,Commodore open pit coal mine,-27.95,151.26,3600,RHHBY
Foxleigh Mining Pty. Ltd.,Australia,Coal: black,Foxleigh open pit coal mine,-22.96,148.77,3600,#N/A
Xstrata Coal Australia Pty. Ltd.,Australia,Coal: black,Ravensworth-Narama open pit coal mine (includes Ravensworth East),-32.46,151.04,3500,#N/A
Macarthur Coal Ltd.,Australia,Coal: black,Moorvale open pit coal mine,-21.98,148.39,3400,#N/A
Xstrata Coal Australia Pty. Ltd.,Australia,Coal: black,United Collieries underground coal mine,-32.53,151,3000,#N/A
"Centennial Coal Co. Ltd., manager",Australia,Coal: black,Angus Place longwall coal mine,-33.35,150.1,3000,#N/A
Cumnock Coal Ltd.,Australia,Coal: black,Cumnock No. 1 open pit/longwall coal mine,-32.29,150.81,3000,#N/A
BHP Billiton Mitsubishi Alliance,Australia,Coal: black,Broadmeadow open pit/undergound coal mine,-21.78,148.14,3000,BBL
Peabody Energy Corp.,Australia,Coal: black,North Goonyella longwall coal mine,-21.74,147.98,3000,BTU
Oakbridge Pty. Ltd.,Australia,Coal: black,Baal Bone longwall coal mine,-33.29,150.03,2500,#N/A
Donaldson Coal  Pty. Ltd.,Australia,Coal: black,Donaldson open pit coal  mine,-32.81,151.61,2500,DCI
"Centennial Coal Co. Ltd., manager",Australia,Coal: black,Clarence underground coal mine,-33.46,150.25,2500,#N/A
BHP Billiton Ltd.,Australia,Coal: black,West Cliff longwall coal mine,-34.22,150.82,2300,BBL
Gloucester Coal Ltd.,Australia,Coal: black,Duralie open  pit coal mine,-32.24,150.94,2000,#N/A
Gujarat NRE Resources NL,Australia,Coal: black,Elouera longwall coal mine,-34.48,150.76,2000,#N/A
The Griffin Coal Mining Co. Pty. Ltd.,Australia,Coal: black,Muja open pit coal mine,-33.43,116.31,2000,#N/A
Powercoal Pty. Ltd.,Australia,Coal: black,Awaba underground coal mine,-33.02,151.54,2000,#N/A
Bloomfield Colliers Pty. Ltd.,Australia,Coal: black,Rixs Creek open pit coal mine,-32.49,151.13,2000,#N/A
Muswellbrook Coal Co.,Australia,Coal: black,Muswellbrook No. 2 open pit coal mine,-32.27,150.84,1700,#N/A
Centennial Coal Co. Ltd.,Australia,Coal: black,Myuna underground coal mine,-33.06,151.57,1500,#N/A
Griffin Coal Mining Co. Pty. Ltd.,Australia,Coal: black,Ewington II open pit coal mine,-33.36,116.26,1000,#N/A
Loy Yang Power Ltd.,Australia,Coal: brown,Loy Yang open pit lignite mine at Traralgon,-38.26,146.57,30000,#N/A
International Power Hazelwood,Australia,Coal: brown,Hazelwood open pit lignite mine at Morwell,-38.26,146.38,20000,IBM
CLP Power Asia Ltd.,Australia,Coal: brown,Yallourn open pit lignite mine,-38.2,146.35,18000,#N/A
Fox Resources Ltd.,Australia,Cobalt,Radio Hill underground nickel-cobalt mine,-20.98,116.86,200,#N/A
Preston Resources Ltd.,Australia,Cobalt,Bulong open pit nickel-cobalt mine,-30.69,121.82,200,#N/A
Norilsk Nickel  Mining and Metallurgical,Australia,Cobalt,Cawse open pit nickel-cobalt mine,-30.53,121.24,100,#N/A
BHP Billiton Ltd.,Australia,Cobalt,Yabulu nickel-cobalt refinery,-19.2,146.61,3,BBL
Minara Resources Ltd.,Australia,Cobalt,Murrin Murrin open pit nickel-cobalt mine,-28.76,121.92,2,#N/A
Xstrata plc,Australia,Copper,Townsville copper refinery,-19.33,146.89,300,#N/A
Xstrata plc,Australia,Copper,Mount Isa copper smelter,-20.73,139.49,250,#N/A
Olympic Dam Operations Pty. Ltd.,Australia,Copper,Olympic Dam underground copper-silver-gold-uranium mine,-30.46,136.88,235,#N/A
Olympic Dam Operations Pty. Ltd.,Australia,Copper,Olympic Dam copper refinery,-30.46,136.88,235,#N/A
Xstrata plc,Australia,Copper,"Mount Isa underground copper-lead-zinc-silver mine (also includes Enterprise, George Fisher and Hilton  mines)",-20.73,139.49,190,#N/A
Furukawa Co. Ltd.,Australia,Copper,Port Kembla copper refinery,-34.48,150.91,120,#N/A
Furukawa Co. Ltd.,Australia,Copper,Port Kembla copper smelter,-34.48,150.91,120,#N/A
Xstrata plc,Australia,Copper,Ernest Henry open pit copper-gold mine,-20.43,140.72,115,#N/A
Rio Tinto Ltd.,Australia,Copper,Northparkes open pit/underground copper-gold mine,-32.91,148.05,90,RIO
Barminco Ply Ltd.,Australia,Copper,Eloise underground copper mine,-20.95,140.98,70,#N/A
Olympic Dam Operations Pty. Ltd.,Australia,Copper,Olympic Dam copper smelter,-30.46,136.88,70,#N/A
Aditya Birla Minerals Ltd.,Australia,Copper,Mount Gordon open pit copper (SW-EX) mine (Mammoth),-19.7,139.36,50,#N/A
Barrick  Gold Corp.,Australia,Copper,Osborne underground copper-gold mine,-21.86,140.92,50,GOLD
Sterlite Industries (India) Ltd.,Australia,Copper,Mount Lyell underground copper-gold mine,-42.06,145.59,35,#N/A
Glencore Australia Pty. Ltd.,Australia,Copper,Cobar underground copper mine,-31.41,145.8,30,#N/A
Newcrest Mining Ltd.,Australia,Copper,Ridgeway underground gold-copper mine,-33.34,149.1,30,#N/A
Aditya Birla Minerals Ltd.,Australia,Copper,Nifty open pit copper (SX-EX)  mine,-21.66,121.57,25,#N/A
Newcrest Mining Ltd.,Australia,Copper,Cadia Hill open pit gold-copper mine,-33.47,149,25,#N/A
Oxiana Ltd.,Australia,Copper,Golden Grove underground zinc-copper mine (Gossan Hill),-28.74,116.94,20,#N/A
Barrick  Gold Corp.,Australia,Copper,Selwyn underground copper-gold mine,-21.54,140.5,17,GOLD
Matrix Metals Ltd.,Australia,Copper,Leichardt copper mine,-19.99,139.92,10,#N/A
GoldCorp Inc,Australia,Copper,Peak underground gold-zinc-lead-copper-silver underground mine,-31.56,145.87,3,#N/A
OZ Minerals Ltd.,Australia,Copper,Rosebery underground zinc-lead-silver-copper-gold mine,-41.77,145.55,2,#N/A
Minara Resources Ltd.,Australia,Nickel,Murrin Murrin open pit nickel-cobalt mine,-28.76,121.92,100,#N/A
BHP Billiton Ltd.,Australia,Nickel,Kalgoorlie nickel smelter,-30.77,121.51,100,BBL
BHP Billiton Ltd.,Australia,Nickel,Yabulu nickel-cobalt refinery,-19.2,146.61,72,BBL
BHP Billiton Ltd.,Australia,Nickel,Kwinana nickel refinery,-32.25,115.77,67,BBL
Minara Resources Ltd.,Australia,Nickel,Murrin Murrin nickel refinery,-28.76,121.92,45,#N/A
BHP Billiton Ltd.,Australia,Nickel,Leinster open pit/underground nickel mines,-27.79,120.7,44,BBL
BHP Billiton,Australia,Nickel,Mount Keith open pit nickel mine,-27.23,120.59,40,BBL
BHP Billiton Ltd.,Australia,Nickel,Kambalda underground nickel mines,-31.19,121.67,35,BBL
Jubilee Mines NL,Australia,Nickel,Cosmos open pit nickel mine,-27.59,120.58,13,#N/A
Norilsk Nickel Mining and Metallurgical Co.,Australia,Nickel,"Lake Johnson underground nickel mine (includes Maggie Hays, Maggie Hays Lake and Emily Ann)",-32.23,120.5,12,NLISY
Norilsk Nickel Mining and Metallurgical Co.,Australia,Nickel,Black Swan underground nickel mine (includes Silver Swan),-31.99,141.42,10,NLISY
Mincor Resources NL,Australia,Nickel,Mitel underground nickel mine (includes Redross and Mariners),-31.74,121.74,10,#N/A
Norilsk Nickel Mining and Metallurgical Co.,Australia,Nickel,Cawse open pit nickel-cobalt mine,-30.53,121.24,9,NLISY
Fox Resources Ltd.,Australia,Nickel,Radio Hill underground nickel-cobalt mine,-20.98,116.86,4,#N/A
Barapukuria Coal Mining Co. Ltd.,Bangladesh,Coal,Mine at Barapukuria,24.3,88.97,1000,#N/A
No. 3 Mining Enterprise,Burma,Coal,Kalewa coal mine,23.2,94.3,13000,#N/A
Mining Enterprise No.1,Burma,Copper,Monywa Copper Project - the Monywa Refinery,22.12,95.04,40000,#N/A
Mining Enterprise No.1,Burma,Copper,Monywa Copper Project - the S&K Mine,22.12,95.04,40000,#N/A
Yichuan Yugang Longquan Aluminum Co.,China,Aluminum,Plant at Yichuan,34.42,112.42,600,#N/A
Qingtongxia Aluminum Plant,China,Aluminum,Plant at Qingtongxia,37.98,105.93,560,#N/A
Qinghai Aluminum Smelter,China,Aluminum,Plant at Xining,36.67,101.67,560,#N/A
Yunnan Aluminum Plant,China,Aluminum,Plant at Kunming,25.01,102.62,500,#N/A
Jiaozuo Wanfang Aluminum Co. Ltd.,China,Aluminum,Plant at Jiaozuo,35.24,113.17,420,#N/A
Guizhou Aluminum Plant,China,Aluminum,Plant at Guiyang,26.65,106.68,400,#N/A
Huaze Aluminum and Power Co. Ltd.,China,Aluminum,Plant at Hejin,35.62,110.65,400,#N/A
Henan Huanghe Mianchi Aluminum Plant,China,Aluminum,Plant at Mianchi,34.73,111.91,400,#N/A
Pingguo Aluminum Co.,China,Aluminum,Plant at Pingguo,23.34,107.5,380,#N/A
Shandong Chiping Xinfa Aluminum and Power Group,China,Aluminum,Plant at Chiping,36.6,116.21,360,#N/A
Qiaotou Aluminum Co. Electrolysis Branch,China,Aluminum,Plant at Datong,36.88,101.73,350,#N/A
East Hope Aluminum Plant,China,Aluminum,Plant at Baotou,40.65,109.93,330,#N/A
Shandong Nanshan Industry Co. Ltd.,China,Aluminum,Plant at Longkou,37.66,120.32,280,#N/A
East Hope Aluminum Plant,China,Aluminum,Plant at Baotou,40.65,109.82,250,#N/A
Baotou Aluminum Plant,China,Aluminum,Plant at Baotou,40.65,109.82,250,#N/A
Tongchuan Xingguang Aluminum Co. Ltd.,China,Aluminum,Plant at Tongchuan,34.88,108.97,250,#N/A
Bingzhou Weiqiao Aluminum Co.,China,Aluminum,Plant at Zouping,36.9,117.77,250,#N/A
Liancheng Aluminum Plant,China,Aluminum,Plant at Lanzhou,36.06,103.79,235,#N/A
Lanzhou Aluminum Plant,China,Aluminum,Plant at Lanzhou,36.06,103.79,210,#N/A
Hunan Chuanquan Aluminum Co. Ltd.,China,Aluminum,Plant at Taoyuan,28.9,111.48,210,#N/A
Shanxi Guanlu Aluminum Co. Ltd.,China,Aluminum,Plant at Yuncheng,35.02,110.99,210,#N/A
Henan Shenhuo Aluminum-Electricity Co. Ltd.,China,Aluminum,Plant at Yongcheng,33.94,116.43,200,#N/A
Fushun Aluminum Plant,China,Aluminum,Plant at Fushun,41.86,123.92,190,#N/A
Henan Zongfu Industry Co. Ltd.,China,Aluminum,Plant at Gongyi,34.77,113.02,180,#N/A
Henan Wanji Aluminum Co. Ltd.,China,Aluminum,Plant at Luoyang,34.68,112.39,180,#N/A
Shangqiu Aluminum Smelter,China,Aluminum,Plant at Shangqiu,34.45,115.65,180,#N/A
Baiyin Aluminum Plant,China,Aluminum,Plant at Baiyin,36.55,104.21,150,#N/A
Zouping Aluminum Co. Ltd.,China,Aluminum,Plant at Zouping,36.9,117.77,150,#N/A
Taishan Aluminum-Power Co. Ltd.,China,Aluminum,Plant at Fecheng,36.71,121.24,125,#N/A
Shandong Aluminum Plant,China,Aluminum,Plant at Zibo,36.74,118.1,120,#N/A
Qinghai West Mining Baihe Aluminum Co. Ltd.,China,Aluminum,Plant at Xining,36.67,101.67,112,#N/A
Hanjiang Danjiangkou Aluminum Co. Ltd.,China,Aluminum,Plant at Danjiangkou,32.53,111.51,110,#N/A
Sanmenxia Tianyuan Aluminum Co. Ltd.,China,Aluminum,Plant at Sanmenxia,34.77,111.18,110,#N/A
New Oriental Aluminum Co.,China,Aluminum,Plant at Taiyuan,37.78,112.48,75,EDU
Zhengzhou Aluminum Plant,China,Aluminum,Plant at Zhengzhou,34.77,113.6,60,#N/A
Shanxi Provincial Government,China,Coal,Mine in Shanxi,37,112,400000,#N/A
Shenhua Coal Corp.,China,Coal,Mine in Nei Mongol,44,112,150000,#N/A
Shenhua Coal Corp.,China,Coal,Mine in Ningxia,37,106,150000,#N/A
Shenhua Coal Corp.,China,Coal,Mine in Shaanxi,36,109,150000,#N/A
Heilongjiang Provincial Government,China,Coal,Mine in Heilongjiang,48,128,100000,#N/A
Henan Provincial Government,China,Coal,Mine in Henan,34,114,100000,#N/A
Nei Mongol Provincial Government,China,Coal,Mine in Nei Mongol,44,112,90000,#N/A
Sichuan Provincial Government,China,Coal,Mine in Sichuan,30.5,102.5,80000,#N/A
Hebei Provincial Government,China,Coal,Mine in Hebei,39.01,115.99,70000,#N/A
Liaoning Provincial Government,China,Coal,Mine in Liaoning,40.99,122.96,70000,#N/A
Shandong Provincial Government,China,Coal,Mine in Shandong,35.98,118.95,60000,#N/A
Jinchuan Nonferrous Metals Corp.,China,Cobalt,Plant at Jinchang,38.51,102.21,1200,#N/A
Guixi Smelter,China,Copper: refined,Plant at Guixi,28.31,117.22,700,#N/A
Jinchang Smelter,China,Copper: refined,Plant at Tongling,38.51,102.21,400,#N/A
Shandong Yanggu Xiangguang Co. Ltd.,China,Copper: refined,Plant at Yanggu,36.11,115.78,400,#N/A
Yunnan Smelter,China,Copper: refined,Plant at Kunming,25.04,102.72,250,#N/A
Daye Nonferrous Metals Co.,China,Copper: refined,Plant at Daye,30.13,114.97,200,#N/A
Dongying Fangyuan Nonferrous Metals Co. Ltd.,China,Copper: refined,Plant at Dongying,37.46,118.49,200,#N/A
Jinchuan Nonferrous Metals Corp.,China,Copper: refined,Plant at Jinchuan,38.51,102.21,200,#N/A
Tianjin Datong Copper Co. Ltd. (former Tianjin Copper Electrolysis Factory),China,Copper: refined,Plant in Tianjin,39.14,117.18,200,#N/A
Yantai Penghui Copper Industry Co. Ltd.,China,Copper: refined,Plant at Yantai,37.53,121.4,200,#N/A
Zhangjiagang United Copper Co.,China,Copper: refined,Plant at Zhangjiagang,31.87,120.54,200,#N/A
Jinchang Smelter,China,Copper: refined,Plant at Tongling,30.95,117.78,170,#N/A
Chifeng Jingeng Copper Co. Ltd.,China,Copper: refined,Plant at Chifeng,42.2,118.89,100,#N/A
Dongfang Copper Co.,China,Copper: refined,Plant at Huludao,40.73,120.87,100,#N/A
Shandong Jinsheng Nonferrous Metals Corp.,China,Copper: refined,Plant at Linyi,37.19,116.87,100,#N/A
Zhongtiaoshan Nonferrous Metals Co.,China,Copper: refined,Plant at Yuangu,35.3,111.66,100,#N/A
Wuhu Smelter,China,Copper: refined,Plant at Wuhu,31.34,118.4,60,#N/A
Baiyin Nonferrous Metals Co.,China,Copper: refined,Plant at Baiyin,36.55,104.21,50,#N/A
Luoyang Copper Processing Factory,China,Copper: refined,Plant at Luoyang,34.68,112.39,50,#N/A
Taiyuan Copper Industry Co.,China,Copper: refined,Plant at Taiyuan,37.9,112.58,30,#N/A
Qinghai Yanhu Industry Group Co. Ltd.,China,Lithium,Plant at Golmud,36.39,94.89,10,#N/A
Xinjiang Lithium Co.,China,Lithium,Plant at Urumqi,43.8,87.58,5,#N/A
Sichuan Shehong Lithium Co. Ltd.,China,Lithium,Plant at Shehong,30.87,105.39,2,#N/A
Jinchuan Nonferrous Metals Corp.,China,Nickel: refined,Plant at Jinchuan,38.5,102.17,100,#N/A
Xinjiang Fukang Smelter,China,Nickel: refined,Plant at Fukang,44.17,87.98,15,#N/A
Jilin Jien Nickel Industry Co. Ltd.,China,Nickel: refined,Plant at Panshi,42.94,126.06,10,#N/A
Chengdu Electro-Metallurgy Factory,China,Nickel: refined,Plant at Chengdu,30.67,104.07,5,#N/A
Yuanjiang Nickel Industry Co. Ltd.,China,Nickel: refined,Plant at Yuxi,24.36,102.54,5,#N/A
Bharat Aluminum Co. Ltd.,India,Aluminum,Korba Smelter,22.39,82.73,350,#N/A
National Aluminum Co. Ltd.,India,Aluminum,Angul Smelter,20.83,85.16,345,NATIONALUM
Hindalco Industries Ltd.,India,Aluminum,Renukoot Smelter,24.22,83.03,275,#N/A
Hindalco Industries Ltd.,India,Aluminum,Hirakud Smelter,21.53,83.91,100,#N/A
Indian Aluminum Co. Ltd.,India,Aluminum,Belgaum Smelter,15.91,74.54,70,#N/A
Madras Aluminum Co. Ltd.,India,Aluminum,Mettur Smelter,11.77,77.81,40,#N/A
Indian Aluminum Co. Ltd.,India,Aluminum,Alupuram Smelter,10.08,76.33,20,#N/A
North Eastern Coalfields Ltd. (a subsidiary of Coal India Ltd.),India,Coal: bituminous,Mines in Assam,26,93,640,#N/A
South Eastern Coalfields Ltd. (a subsidiary of Coal India Ltd.),India,Coal: bituminous,Mines in Madhya Pradesh,23.5,78.5,36,#N/A
Central Coalfields Ltd. (a subsidiary of Coal India Ltd.),India,Coal: bituminous,Mines in Bihar,25.75,85.75,27,#N/A
Bharat Coking Coal Ltd. (a subsidiary of Coal India Ltd.),India,Coal: bituminous,Mines in Bihar,25.75,85.75,26,#N/A
Bharat Coking Coal Ltd. (a subsidiary of Coal India Ltd.),India,Coal: bituminous,Mines in West Bengal,24,85,26,#N/A
Northern Coalfields Ltd. (a subsidiary of Coal India Ltd.),India,Coal: bituminous,Mines in Madhya Pradesh,23.5,78.5,24,#N/A
Northern Coalfields Ltd. (a subsidiary of Coal India Ltd.),India,Coal: bituminous,Mines in Uttar Pradesh,27.25,80.75,24,#N/A
Eastern Coalfields Ltd. (a subsidiary of Coal India Ltd.),India,Coal: bituminous,Mines in Bihar,25.75,85.75,21,#N/A
Mahanadi Coalfields Ltd. (a subsidiary of Coal India Ltd.),India,Coal: bituminous,Mines in Orissa,21,84,21,#N/A
Eastern Coalfields Ltd. (a subsidiary of Coal India Ltd.),India,Coal: bituminous,Mines in West Bengal,24,85,21,#N/A
Singareni Collieries Co. Ltd.,India,Coal: bituminous,Mines in Andhra Pradesh,16,79,18,#N/A
Western Coalfields Ltd. (a subsidiary of Coal India Ltd.),India,Coal: bituminous,Mines in Madhya Pradesh,23.5,78.5,18,#N/A
Western Coalfields Ltd. (a subsidiary of Coal India Ltd.),India,Coal: bituminous,Mines in Maharashtra,19.5,75,18,#N/A
Neyveli Lignite Corp. Ltd.,India,Coal: lignite,Mines in Tamil Nadu,11,78.5,17,#N/A
Hindustan Copper Co. Ltd.,India,Copper,Indian Copper Complex mines,22.59,86.45,31,#N/A
Hindustan Copper Co. Ltd.,India,Copper,Malanjkhand Copper Complex mines,22.02,80.72,22,#N/A
Hindustan Copper Co. Ltd.,India,Copper,Khetri Copper Complex mines,28.02,75.77,15,#N/A
Sterlite Industries Ltd.,India,Copper: metal,Tuticorin Smelter,8.76,78.17,400,#N/A
Sterlite Industries Ltd.,India,Copper: metal,Silvassa refinery,20.25,73.01,300,#N/A
Hindalco Industries Ltd.,India,Copper: metal,Birla Copper Complex smelter,21.7,72.55,70,#N/A
Hindustan Copper Co. Ltd.,India,Copper: metal,Khetri Copper Complex smelter-refinery,28.02,75.77,45,#N/A
Hindustan Copper Co. Ltd.,India,Copper: metal,Indian Copper Complex smelter-refinery,22.59,86.45,20,#N/A
PT Indonesia Asahan Aluminum,Indonesia,Aluminum,Plant at Kual Tanjun,3.35,99.45,250,#N/A
PT Kaltim Prima Coal Co.,Indonesia,Coal,Mine at East Kutai Regency,-0.58,117.32,36000,#N/A
PT Adaro Indonesia,Indonesia,Coal,Mine at Paringin,-2.33,115.43,35000,#N/A
PT Adaro Indonesia,Indonesia,Coal,Mine at Tutupan,-2.27,115.47,35000,#N/A
PT Arutmin Indonesia,Indonesia,Coal,"Mines at Mulia, Senakin, and Satui, South Kalimantan",-2.97,116.28,20000,#N/A
PT Tambang Batubara Bukit Asam (state-owned),Indonesia,Coal,Mines at Tanjung Enim and Ombilin,-3.75,103.8,19000,#N/A
PT Berau Coal,Indonesia,Coal,Mine at Berau,2.23,117.74,13000,#N/A
PT Kideco Jaya Agung,Indonesia,Coal,Mine at Pasir,-2,116.19,12000,#N/A
PT Freeport Indonesia Co.,Indonesia,Copper: concentrate,Mine at Ertsberg,-4.05,137.12,800,#N/A
PT Freeport Indonesia Co.,Indonesia,Copper: concentrate,Mine at Grasberg,-4.05,137.12,800,#N/A
PT Newmont Nusa Tenggara,Indonesia,Copper: concentrate,Mine at Sumbawa Island,-8.73,118,300,#N/A
PT Smelting Co.,Indonesia,Copper: metal,Plant at Gresik,-7.15,112.66,210,#N/A
PT Antam Tbk,Indonesia,Nickel: ore,"Mine at Pomalaa, South Sulawesi and on Gebe Island",-4.05,121.6,80,#N/A
PT Antam Tbk,Indonesia,Nickel: ore,"Mine at Pomalaa, South Sulawesi and on Gebe Island",-4.33,120.25,80,#N/A
PT Antam Tbk,Indonesia,Nickel: ore,"Mine at Pomalaa, South Sulawesi and on Gebe Island",-0.08,129.33,80,#N/A
PT International Nickel Indonesia Tbk,Indonesia,Nickel: ore,Mine at Soroako,-2.52,121.35,70,#N/A
Kushiro Coal Mine Co. Ltd.,Japan,Coal,Mine at Kushiro,43,144.37,750,#N/A
Nippon Mining and Metals Co. Ltd. (wholly owned subsidiary of Nikko Kyodo Co. Ltd.),Japan,Copper: refined,Refinery at Hitachi,36.55,140.64,450,#N/A
Nippon Mining and Metals Co. Ltd. (wholly owned subsidiary of Nikko Kyodo Co. Ltd.),Japan,Copper: refined,Refinery at Saganoseki,33.25,131.88,450,#N/A
Sumitomo Metal Mining Co. Ltd.,Japan,Copper: refined,Refinery at Besshi/Toyo (Saijyo),33.85,133.38,410,SMFG
Onahama Smelting and Refining Co. Ltd.,Japan,Copper: refined,Refinery at Onahama,36.94,140.87,258,#N/A
Hibi Kyodo Smelting Co. Ltd.,Japan,Copper: refined,Refinery at Tamano,34.51,133.95,228,#N/A
Mitsubishi Materials Corp.,Japan,Copper: refined,Refinery at Naoshima,34.47,133.98,226,MUFG
Kosaka Smelting and  Refining Co. Ltd. (wholly owned subsidiary of Dowa Mining Co. Ltd.),Japan,Copper: refined,Refinery at Kosaka,40.33,140.75,72,#N/A
Sumitomo Metal Mining Co. Ltd.,Japan,Copper: refined,Refinery at Niihama,33.96,133.26,1,SMFG
Pacific Metals Co. Ltd.,Japan,Nickel: ferronickel,Plant at Hachinohe,40.55,141.49,41,#N/A
Hyuga Smelting Co. Ltd. (wholly owned subsidiary of Sumitomo Metal Mining Co. Ltd.),Japan,Nickel: ferronickel,Plant at Hyuga,32.45,131.65,21,#N/A
Yakin Oheyama Co. Ltd.,Japan,Nickel: ferronickel,Plant at Oheyama,35.48,135.17,13,#N/A
Tokyo Nickel Co. Ltd.,Japan,Nickel: oxide,Plant at Matsuzaka,34.6,136.57,60,#N/A
Sumitomo Metal Mining Co. Ltd.,Japan,Nickel: refined,Refinery at Niihama,33.96,133.26,36,SMFG
Agriculture Industry Development Enterprises,Laos,Coal: anthracite,Mine at Savannakhet,18.93,102.45,60,#N/A
Viengphoukha Coal Mine Co. Ltd. of Thailand,Laos,Coal: lignite,Mine at Viengphoukha,20.95,101.4,300,#N/A
Lane Xang Minerals Ltd. (LXML) (wholly owned subsidiary of Oxiana Ltd.),Laos,Copper: mine Cu output,Mine at Sepon,16.96,105.99,67.6,#N/A
Lane Xang Minerals Ltd. (LXML) (wholly owned subsidiary of Oxiana Ltd.),Laos,Copper: refined,Refinery at Sepon,16.96,105.99,63,#N/A
Government Coal Mining Enterprise,Mongolia,Coal,Baganuur mine,47.74,108.32,4000,#N/A
Chinhua-Mak Nrlin Sukhait Co. (Sino-Mongolian joint venture),Mongolia,Coal,Nariin Sukhait mine,43,104,3000,#N/A
Government Coal Mining Enterprise,Mongolia,Coal,Shivee Ovoo mine,46.22,108.53,2000,#N/A
Erdenet Mining Corp. (Mongolian-Russia joint venture),Mongolia,Copper,Erdenet mine,49.02,104.13,0,#N/A
Erdenet Mining Corp. (Mongolian-Russia joint venture),Mongolia,Copper,Erdene mineral processing plant,49.04,104.15,0,#N/A
Erdenet Mining Corp. (Mongolian-Russia joint venture),Mongolia,"Copper: concentrate, Cu content",Mine at Bulgan Province,49.04,104.15,0,#N/A
SociÔøΩtÔøΩ Le Nickel (SLN),New Caledonia,Cobalt,Kouaoua mining center,-21.45,165.76,2,#N/A
SociÔøΩtÔøΩ Le Nickel (SLN),New Caledonia,Cobalt,Nepoui-Kopeto mining center,-21.2,165.08,2,#N/A
SociÔøΩtÔøΩ Le Nickel (SLN),New Caledonia,Cobalt,Poro mining center,-21.31,165.73,2,#N/A
SociÔøΩtÔøΩ Le Nickel (SLN),New Caledonia,Cobalt,Thio mining center,-21.62,166.18,2,#N/A
SociÔøΩtÔøΩ Le Nickel (SLN),New Caledonia,Cobalt,Tiebaghi mining center,-20.45,164.22,2,#N/A
SociÔøΩtÔøΩ MiniÔøΩre du Sud Pacifique,New Caledonia,Cobalt,Boakaine mining center,-21.49,165.92,1,#N/A
SociÔøΩtÔøΩ MiniÔøΩre du Sud Pacifique,New Caledonia,Cobalt,Ouaco mining center,-20.75,164.48,1,#N/A
SociÔøΩtÔøΩ MiniÔøΩre du Sud Pacifique,New Caledonia,Cobalt,Poum mining center,-20.25,164.04,1,#N/A
SociÔøΩtÔøΩ MiniÔøΩre du Sud Pacifique,New Caledonia,Cobalt,Poya mining center,-21.31,165.16,1,#N/A
SociÔøΩtÔøΩ MÔøΩtallurgique le Nickel-SociÔøΩtÔøΩ Le Nickel (SLN),New Caledonia,Nickel: ferronickel,"Plant at Doniambo, Noumea",-22.25,166.44,60,#N/A
SociÔøΩtÔøΩ MÔøΩtallurgique le Nickel-SociÔøΩtÔøΩ Le Nickel (SLN),New Caledonia,Nickel: nickel matte,"Plant at Doniambo, Noumea",-22.25,166.44,15,#N/A
SociÔøΩtÔøΩ Le Nickel (SLN),New Caledonia,Nickel: ore and  concentrate,Kouaoua mining center,-21.45,165.76,62,#N/A
SociÔøΩtÔøΩ Le Nickel (SLN),New Caledonia,Nickel: ore and  concentrate,Nepoui-Kopeto mining center,-21.2,165.08,62,#N/A
SociÔøΩtÔøΩ Le Nickel (SLN),New Caledonia,Nickel: ore and  concentrate,Poro mining center,-21.31,165.73,62,#N/A
SociÔøΩtÔøΩ Le Nickel (SLN),New Caledonia,Nickel: ore and  concentrate,Thio mining center,-21.62,166.18,62,#N/A
SociÔøΩtÔøΩ Le Nickel (SLN),New Caledonia,Nickel: ore and  concentrate,Tiebaghi mining center,-20.45,164.22,62,#N/A
"SociÔøΩtÔøΩ MiniÔøΩre du Sud Pacifique including Nickel Mining Corp., and NoumÔøΩa Nickel",New Caledonia,Nickel: ore and  concentrate,Baokaine mining center,-21.49,165.92,36,#N/A
"SociÔøΩtÔøΩ MiniÔøΩre du Sud Pacifique including Nickel Mining Corp., and NoumÔøΩa Nickel",New Caledonia,Nickel: ore and  concentrate,Kouaoua mining center,-21.45,165.76,36,#N/A
"SociÔøΩtÔøΩ MiniÔøΩre du Sud Pacifique including Nickel Mining Corp., and NoumÔøΩa Nickel",New Caledonia,Nickel: ore and  concentrate,Nakety mining center,-21.53,166.09,36,#N/A
"SociÔøΩtÔøΩ MiniÔøΩre du Sud Pacifique including Nickel Mining Corp., and NoumÔøΩa Nickel",New Caledonia,Nickel: ore and  concentrate,Ouaco mining center,-20.75,164.48,36,#N/A
"SociÔøΩtÔøΩ MiniÔøΩre du Sud Pacifique including Nickel Mining Corp., and NoumÔøΩa Nickel",New Caledonia,Nickel: ore and  concentrate,Poum mining center,-20.25,164.04,36,#N/A
"SociÔøΩtÔøΩ MiniÔøΩre du Sud Pacifique including Nickel Mining Corp., and NoumÔøΩa Nickel",New Caledonia,Nickel: ore and  concentrate,Poya mining center,-21.31,165.16,36,#N/A
SociÔøΩtÔøΩ de la Tontouta (Ballande Group),New Caledonia,Nickel: ore and  concentrate,Moneo mining center,-21.15,165.49,16,#N/A
SociÔøΩtÔøΩ de la Tontouta (Ballande Group),New Caledonia,Nickel: ore and  concentrate,Nakety mining center,-21.53,166.09,16,#N/A
"Other small nickel mining companies, which include SociÔøΩtÔøΩ MiniÔøΩre George Montanant SA, GEMINI S.A.",New Caledonia,Nickel: ore and  concentrate,Moneo mining center,-21.15,165.49,7,#N/A
"Other small nickel mining companies, which include SociÔøΩtÔøΩ MiniÔøΩre George Montanant SA, GEMINI S.A.",New Caledonia,Nickel: ore and  concentrate,Nakety-Bogota mining center,-21.53,166.09,7,#N/A
"Other small nickel mining companies, which include SociÔøΩtÔøΩ MiniÔøΩre George Montanant SA, GEMINI S.A.",New Caledonia,Nickel: ore and  concentrate,Tontouta mining center,-21.93,166.21,7,#N/A
New Zealand Aluminum Smelters Ltd.,New Zealand,Aluminum,Tiwai Point plant,-46.59,168.38,350,#N/A
Solid Energy New Zealand Ltd.,New Zealand,Coal,Stockton open pit mine,-41.67,171.87,2500,#N/A
Solid Energy New Zealand Ltd.,New Zealand,Coal,Mine at Hamilton,-37.78,175.28,1500,#N/A
Solid Energy New Zealand Ltd.,New Zealand,Coal,Rotowaro open pit mine,-37.61,175.08,1500,#N/A
Pike River Coal Ltd.,New Zealand,Coal,Pike River underground mine,-42.04,171.8,1000,#N/A
Solid Energy New Zealand Ltd.,New Zealand,Coal,Spring Creek underground mine,-42.5,171.19,1000,#N/A
Solid Energy New Zealand Ltd.,New Zealand,Coal,Huntly East underground mine,-37.54,175.18,500,#N/A
Solid Energy New Zealand Ltd.,New Zealand,Coal,Ohai open pit mine,-45.93,167.95,200,#N/A
Solid Energy New Zealand Ltd.,New Zealand,Coal,Terrace underground mine,-42.1,171.85,100,#N/A
Anju Coal Mining Complex and Sunchon Coal Mining Complex,North Korea,Coal,Mine at Anju,39.62,125.66,9500,#N/A
Anju Coal Mining Complex and Sunchon Coal Mining Complex,North Korea,Coal,Mine at Kaechon,39.67,125.97,9500,#N/A
Anju Coal Mining Complex and Sunchon Coal Mining Complex,North Korea,Coal,Mine at Pukchang,39.63,126.31,9500,#N/A
Anju Coal Mining Complex and Sunchon Coal Mining Complex,North Korea,Coal,Mine at Sunchon,39.41,125.96,9500,#N/A
Anju Coal Mining Complex and Sunchon Coal Mining Complex,North Korea,Coal,Mine at Tokechon,39.71,126.3,9500,#N/A
Saebyo Coal Mining Complex,North Korea,Coal,Mine at Saebyo,42.81,130.2,6000,#N/A
Hyesan Youth Copper Mine,North Korea,Copper: mine Cu output,Mine at Hyesan,41.29,128.35,13,#N/A
Sindh Coal Authority,Pakistan,Coal,Mine at Thar,24.62,70.21,0,#N/A
Sindh Coal Authority,Pakistan,Coal,Mine at Dadu,25.71,68.15,4000,#N/A
Saindak Metals Ltd.,Pakistan,Copper,Plant at Chagai,29.29,64.67,22,#N/A
"Ok Tedi Mining Ltd., operator",Papua New Guinea,Copper,Ok Tedi open pit mine,-5.21,141.14,210,#N/A
"Ok Tedi Mining Ltd., operator",Papua New Guinea,Copper,Ok Tedi open pit mine,-5.21,141.14,210,#N/A
Philippine Associated Smelting and Refining Corp. (PASAR),Philippines,Copper,Smelter at Isabel,10.9,124.44,250,PHI
Philippine Associated Smelting and Refining Corp. (PASAR),Philippines,Copper,Refinery at Isabel,10.9,124.44,173,PHI
"Lafayette Mining, Ltd.",Philippines,Copper,Rapu-Rapu Mine under the Rapu-Rapu polymetallic project,13.19,124.12,36,#N/A
Philex Mining Corp.,Philippines,Copper,Padcal Copper Project,16.31,120.54,21,#N/A
Lepanto Consolidated Mining Company,Philippines,Copper,Teresa Mine,16.87,120.76,0.2,#N/A
Lepanto Consolidated Mining Company,Philippines,Copper,Victoria Mine,16.87,120.76,0.2,#N/A
Hinatuan Mining Corp.,Philippines,Nickel,Tagana-an Nickel Project,9.77,125.71,30,#N/A
"SR Metals, Inc.",Philippines,Nickel,SR Nickel Project - Tubay Mine,9.16,125.53,25,#N/A
Nickel Asia Corp.,Philippines,Nickel,Claver Nickel Project (Taganito),9.48,125.8,12,#N/A
CTP Construction and Mining Corp.,Philippines,Nickel,Adlay-Cagdianao-Tandawa (ACT) Nickel Project,9.36,125.84,10,#N/A
Nickel Asia Corp.,Philippines,Nickel,Cagdianao Nickel Project,9.92,125.67,10,#N/A
Toledo Mining Corporation Plc,Philippines,Nickel,Berong Nickel Project,9.47,118.21,10,#N/A
Coral Bay Nickel Corp.,Philippines,Nickel,Coral Bay nickel high pressure acid leach (HPAL) plant,8.5,117.44,10,#N/A
Nickel Asia Corp.,Philippines,Nickel,Rio Tuba Nickel Project,8.5,117.44,5,#N/A
Hinatuan Mining Corp.,Philippines,Nickel,South Dinagat Project,9.84,125.62,4,#N/A
CRAU Mineral Resources Corp.,Philippines,Nickel,Sta. Cruz-Candelaria Nickel Project,15.72,120.06,1,#N/A
Korea Coal Corp.,Republic of Korea,Coal,Mine at Changsung,34.88,128.62,2000,#N/A
Korea Coal Corp.,Republic of Korea,Coal,Mine at Dogae,35.8,128.55,2000,#N/A
Korea Coal Corp.,Republic of Korea,Coal,Mine at Hwasoon,35.03,127.07,2000,#N/A
LS-Nikko Copper Inc.,Republic of Korea,"Copper: metal, primary",Smelter at Onsan,35.43,129.35,510,#N/A
LS-Nikko Copper Inc.,Republic of Korea,"Copper: metal, primary",Plant at Chanhang,34.74,127,60,#N/A
Korea Zinc Co. Ltd.,Republic of Korea,"Copper: metal, primary",Smelter at Onsan,35.43,129.35,20,#N/A
Korea Nickel Corp.,Republic of Korea,Nickel: metal,Plant at Kangwon,39.15,127.44,48,#N/A
Taiwan Nickel Refinery,Taiwan,Nickel,Plant at Kaohsiung,22.62,120.31,14,#N/A
Electricity Generating Authority of Thailand,Thailand,Coal: lignite,Mine at Mae Moh,18.32,99.74,20000,#N/A
Banpu Public Co. Ltd.,Thailand,Coal: lignite,Mine at Chiang Muan,18.88,100.3,3400,#N/A
Banpu Public Co. Ltd.,Thailand,Coal: lignite,Mine at Lampang (LP-2),18.3,99.51,3400,#N/A
Lanna Lignite Public Co. Ltd.,Thailand,Coal: lignite,Mine at Ban Pakha,15.31,101.97,1000,#N/A
Thai Copper Industries Plc,Thailand,Copper: refined,Refinery at Rayong,12.84,101.44,165,#N/A
Vietnam National Coal Corp. (100% state-owned),Vietnam,Coal: anthracite,Mine at Cam Pha,21.02,107.32,40000,#N/A
Vietnam National Coal Corp. (100% state-owned),Vietnam,Coal: anthracite,Mine at Cao Son,18.9,105.16,40000,#N/A
Vietnam National Coal Corp. (100% state-owned),Vietnam,Coal: anthracite,Mine at Cac Sau,21.25,107.33,40000,#N/A
Vietnam National Coal Corp. (100% state-owned),Vietnam,Coal: anthracite,Mine at Cua Ong,21.02,107.32,40000,#N/A
Vietnam National Coal Corp. (100% state-owned),Vietnam,Coal: anthracite,Mine at Deo Nai,21.02,107.29,40000,#N/A
Vietnam National Coal Corp. (100% state-owned),Vietnam,Coal: anthracite,Mine at Dong Trieu,21.08,106.52,40000,#N/A
Vietnam National Coal Corp. (100% state-owned),Vietnam,Coal: anthracite,Mine at Ha Lam,15.72,108.35,40000,#N/A
Vietnam National Coal Corp. (100% state-owned),Vietnam,Coal: anthracite,Mine at Ha Tu,20.96,107.15,40000,#N/A
Vietnam National Coal Corp. (100% state-owned),Vietnam,Coal: anthracite,Mine at Hong Gai,20.97,107.14,40000,#N/A
Vietnam National Coal Corp. (100% state-owned),Vietnam,Coal: anthracite,Mine at Khe Cham,21.58,104.77,40000,#N/A
Vietnam National Coal Corp. (100% state-owned),Vietnam,Coal: anthracite,Mine at Mao Khe,21.07,106.62,40000,#N/A
Vietnam National Coal Corp. (100% state-owned),Vietnam,Coal: anthracite,Mine at Mong Duong,21.02,107.32,40000,#N/A
Vietnam National Coal Corp. (100% state-owned),Vietnam,Coal: anthracite,Mine at Uong Bi in Quang Ninh Province,21.04,106.79,40000,#N/A
Lao Cai Copper Complex (wholly owned subsidiary of Vietnam National Minerals Corp.),Vietnam,"Copper: concentrate, Cu content",Mine at Sin Queyen,22.48,103.95,11,#N/A
Tang Loong Lao Cai Copper Smelting Enterprise (wholly owned subsidiary of Vietnam National Minerals Corp.),Vietnam,Copper: refined,Refinery at Tang Loong Long Commune,22.33,104.12,10,#N/A
"Comsup Commodities, Inc. (United States)",Armenia,"Copper: mine output, Cu content",Facilities: Agarak copper-molybdenum mining and processing complex,38.91,46.19,30,#N/A
(OJSC) Azerbaijan Aluminum,Azerbaijan,Aluminum,Sumqayit smelter,40.58,49.64,60,#N/A
Kazzinc JSC,Kazakhstan,"Copper: concentrate, Cu content",Maleevsky Mine,49.78,84.32,62,#N/A
Kazakhmys PLC Mines,Kazakhstan,"Copper: concentrate, Cu content",Sayak Complex,46.96,75,40,#N/A
Kazakhmys PLC Mines,Kazakhstan,"Copper: concentrate, Cu content",Mine at Shatyrkul,43.65,73.87,12.7,#N/A
Kazakhmys PLC Mines,Kazakhstan,"Copper: concentrate, Cu content",Belousovskoe and Irtyshskoe Mines; Irtysh Complex,50.13,82.51,8.4,#N/A
Kazakhmys PLC Mines,Kazakhstan,"Copper: concentrate, Cu content",Mine at  Artemyevskoe,50,82.5,7.8,#N/A
Kazakhmys PLC Mines,Kazakhstan,"Copper: metal, refined",Smelter and refinery at Balkash,52.52,68.75,250,#N/A
Kazakhmys PLC Mines,Kazakhstan,"Copper: metal, refined",Smelter and refinery at Zhezkazgan,47.78,67.76,215,#N/A
Kazzinc JSC,Kazakhstan,"Copper: metal, refined",Smelter at Ust-Kamenogorsk,49.99,82.61,8,#N/A
RUSAL,Russia,Aluminum: primary smelter,Bratsk plant,56.13,101.45,950,#N/A
RUSAL,Russia,Aluminum: primary smelter,Krasnoyarskiy plant,56.09,93,875,#N/A
RUSAL,Russia,Aluminum: primary smelter,Sayansk plant,53.2,91.45,425,#N/A
RUSAL,Russia,Aluminum: primary smelter,Khakaz plant,53.2,91.46,300,#N/A
RUSAL,Russia,Aluminum: primary smelter,Novokuznetsk plant,53.78,87.24,300,#N/A
SUAL Group,Russia,Aluminum: primary smelter,Irkutsk plant,52.19,104.09,300,#N/A
SUAL Group,Russia,Aluminum: primary smelter,Bogoslovsky plant,59.77,60.19,175,#N/A
SUAL Group,Russia,Aluminum: primary smelter,Volgograd plant,48.83,44.59,175,#N/A
SUAL Group,Russia,Aluminum: primary smelter,Uralsk plant,56.37,61.97,150,#N/A
SUAL Group,Russia,Aluminum: primary smelter,Kandalaksha plant,67.2,32.44,75,#N/A
SUAL Group,Russia,Aluminum: primary smelter,Nadvoitsy plant,63.88,34.27,75,#N/A
SUAL Group,Russia,Aluminum: primary smelter,Volkhov plant,59.91,32.34,20,#N/A
Kuzbass,Russia,Coal,Kuzntesk Basin,53.12,46.61,160,#N/A
Tajik Aluminum Company (formerly Tajikistan Aluminum Smelter [TadAZ]),Tajikistan,Aluminum: primary smelter,TALCO at Tursunzade,38.55,68.22,517,#N/A
Central Asian Coal Association (mining),Uzbekistan,Coal,Angren brown coal deposit,41.04,70.18,"6,000",CAML.L
Central Asian Coal Association (mining),Uzbekistan,Coal,Baysunskoye and Shargunskoye deposits,37.2,67.31,"1,000",CAML.L
AMAG Casting GmbH,Austria,Aluminum,Secondary ingot plant at Ranshofen,48.22,13.03,50,#N/A
Aluminum Lend GmbH,Austria,Aluminum,Secondary ingot plant at Lend,47.3,13.05,25,#N/A
Montanwerke Brixlegg AG,Austria,Copper: secondary,Smelter at Brixlegg,47.43,11.87,0,#N/A
NV Umicore SA,Belgium,Cobalt,Refinery at Olen,51.18,4.89,0.5,#N/A
NV Umicore SA,Belgium,Copper,Refinery at Olen,51.18,4.89,330,#N/A
Metallo-Chimique NV,Belgium,Copper,Smelter at Beerse,51.32,4.82,80,#N/A
NV Umicore SA,Belgium,Copper,Smelter at Antwerp-Hoboken,51.17,4.36,50,#N/A
Aluminij d.d. Mostar,Bosnia and Herzegovina,Aluminum,Smelter at Mostar,43.28,17.83,150,#N/A
"SOUR Titovi Rudnici Uglja, Tuzla",Bosnia and Herzegovina,Coal: brown,Mine in Bihac,44.82,15.87,12000,#N/A
"SOUR Titovi Rudnici Uglja, Tuzla",Bosnia and Herzegovina,Coal: lignite,Mine in Bihac,44.82,15.87,7000,#N/A
Economic Mining and Power Combine (SMEK) Balkanbass,Bulgaria,Coal: bituminous,Mine at Balkan,43.25,25,445,#N/A
G. Dimitrov,Bulgaria,Coal: brown,Mine at Pernik,42.59,22.98,4000,#N/A
Others,Bulgaria,Coal: brown,Mine at Bobov Dol,42.37,23.02,3100,#N/A
Others,Bulgaria,Coal: brown,Mine at Pirin,41.55,23.56,3100,#N/A
SMEK East Maritsa,Bulgaria,Coal: lignite,Mine at East Maritsa,42.22,24.8,25000,#N/A
Others,Bulgaria,Coal: lignite,Mine at Bobov Dol,42.37,23.02,5300,#N/A
Others,Bulgaria,Coal: lignite,Mine at Marbas,42.59,22.98,5300,#N/A
Others,Bulgaria,Coal: lignite,Mine at Pernik,42.59,22.98,5300,#N/A
Asarel-Medet AD.,Bulgaria,"Copper: concentrate, Cu content",Mine at Panagurishte,42.55,24.14,55,#N/A
Asarel-Medet AD.,Bulgaria,"Copper: concentrate, Cu content",Plant at Panagurishte,42.55,24.13,55,#N/A
Elatzite-Med Ltd.,Bulgaria,"Copper: concentrate, Cu content",Mine at Srednogorie,42.7,24.02,20,#N/A
Elatzite-Med Ltd.,Bulgaria,"Copper: concentrate, Cu content",Plant at Srednogorie,42.7,24.02,20,#N/A
Chelopech Mining Ltd,Bulgaria,"Copper: concentrate, Cu content",Mine at Chelopech,42.7,24.07,15,#N/A
Chelopech Mining Ltd,Bulgaria,"Copper: concentrate, Cu content",Plant at Chelopech,42.7,24.07,15,#N/A
Bradtze,Bulgaria,"Copper: concentrate, Cu content",Mine at Malko Turnovo,41.98,27.53,2,#N/A
Bradtze,Bulgaria,"Copper: concentrate, Cu content",Plant at Malko Turnovo,41.98,27.53,2,#N/A
Tsar Asen,Bulgaria,"Copper: concentrate, Cu content",Mine at Srednogorie,42.36,24.34,2,#N/A
Tsar Asen,Bulgaria,"Copper: concentrate, Cu content",Plant at Srednogorie,42.36,24.34,2,#N/A
Rosen,Bulgaria,"Copper: concentrate, Cu content",Mine at Burgas,42.44,27.38,1,#N/A
"Burgaskii Mines Ltd., Zidorovo",Bulgaria,"Copper: concentrate, Cu content",Mine at Burgas,42.44,27.38,0.5,#N/A
Cumerio Med SA (Pirdop),Bulgaria,Copper: metal,Mine at Pirdop,42.75,24.03,150,#N/A
Cumerio Med SA (Pirdop),Bulgaria,Copper: metal,Plant at Pirdop,42.72,24.17,150,#N/A
Cumerio Med SA (Pirdop),Bulgaria,"Copper: metal, refined",Mine at Pirdop,42.75,24.03,30,#N/A
Cumerio Med SA (Pirdop),Bulgaria,"Copper: metal, refined",Plant at Pirdop,42.72,24.17,30,#N/A
Top-Tvornica Olovni i Aluminjskikh,Croatia,Aluminum,Semimanufactures producer at Savska,45.45,16.39,0,#N/A
TLM d.d.,Croatia,Aluminum,Smelter at Sibenik,43.71,15.91,75,#N/A
Istarski Ugljenokopi Rasa,Croatia,Coal: bituminous,Mine at Labin,45.08,14.13,500,#N/A
Istarski Ugljenokopi Rasa,Croatia,Coal: bituminous,Mine at Potpican,45.2,14.09,500,#N/A
"A & E Aluminum Recycling, Ltd.",Cyprus,Aluminum: secondary,Plant at Nicosia,35.17,33.37,0,#N/A
"Muskita Aluminum Industries, Ltd.",Cyprus,Aluminum: semimanufactures,Extrusion presses at Limassol,34.67,33,18,#N/A
Kovohute Holdings DT - Mnisek Division,Czech Republic,Aluminum: secondary,Smelter at Mnisek,49.03,14.91,70000,#N/A
Alcan Decin Extrusions s.r.o,Czech Republic,Aluminum: secondary,Smelter at Decin,50.77,14.21,40000,#N/A
OKD a.s Ostrava,Czech Republic,Coal: bituminous,Mine at Ostrava-Karvina,49.74,18.3,20000,#N/A
Sokolovska Uhelna a.s,Czech Republic,Coal: brown,Mine at Sokolov,50.21,12.67,30000,#N/A
Mostecka Uhelna Spolecnost a.s,Czech Republic,Coal: brown,Mine at Most,50.51,13.58,17000,#N/A
Severoceske Doly a.s,Czech Republic,Coal: brown,Mine at Chomotuv,50.42,13.37,14000,#N/A
Lignit Hodonin s.r.o,Czech Republic,Coal: lignite,Mine at Hodonin,48.87,17.13,1000,#N/A
Outokumpu Oyj,Finland,Copper: metal,Smelter at Harjavalta,61.32,22.13,160,#N/A
Outokumpu Oyj,Finland,Copper: metal,Refinery at Pori,61.6,21.51,125,#N/A
Inmet Mining Corp.,Finland,Copper: ore,Mine at Pyhasalmi,63.67,26.03,10,#N/A
Inmet Mining Corp.,Finland,Copper: ore,Mine at Saattopora,67.79,24.41,10,#N/A
"OM Group, Inc.",Finland,Nickel: metal,Refinery at Harjavalta,61.32,22.13,50,#N/A
Outokumpu Oyj,Finland,Nickel: metal,Smelter at Harjavalta,61.32,22.13,32,#N/A
Aluminum Dunkerque,France,Aluminum,Smelter at Dunkerque,51,2.17,250,#N/A
Aluminum Pechiney,France,Aluminum,Smelter at Saint-Jean-de-Maurienne,45.27,6.38,120,#N/A
Aluminum Pechiney,France,Aluminum,Smelter at Nogueres,43.37,-0.59,115,#N/A
Aluminum Pechiney,France,Aluminum,Smelter at Pyrenees,43.09,0.38,115,#N/A
Aluminum Pechiney,France,Aluminum,Smelter at Lannemezan,43.09,0.38,63,#N/A
SociÔøΩtÔøΩ MÔøΩtallurgique le Nickel (SLN),France,Cobalt,"Plant at Sandouville, near Le Havre",49.48,0.32,600,#N/A
Compagnie GÔøΩnÔøΩrale d'ÔøΩlectrolyse du Palais,France,Copper: metal,Electrolytic plant at Palais-sur-Vienne,45.85,1.3,45,#N/A
SociÔøΩtÔøΩ FranÔøΩaise d'Affinage du Cuivre,France,Copper: metal,"Smelter at Poissy, Yvelines",48.94,2.05,11,#N/A
SociÔøΩtÔøΩ MÔøΩtallurgia le Nickel (SLN),France,Nickel: metal,Plant at Sandouville,49.48,0.3,16,#N/A
Aluminum Norf GmbH,Germany,Aluminum,Lippenwerk at LÔøΩnen (Secondary),51.21,6.71,600,#N/A
Aluminum Norf GmbH,Germany,Aluminum,Primary rolling mill at Neuss,51.49,6.97,600,#N/A
Aleris Recycling (German Works) GmbH,Germany,Aluminum,Secondary smelter: Neckarwerk at Deizisau,51.09,6.62,320,#N/A
Aleris Recycling (German Works) GmbH,Germany,Aluminum,Secondary smelter:  Erftwerk at Grevenbroich,48.25,12.59,320,#N/A
Aleris Recycling (German Works) GmbH,Germany,Aluminum,Secondary smelter: Innwerk at TÔøΩging am Inn,51.61,7.51,320,#N/A
Hydro Aluminum Deutschland GmbH,Germany,Aluminum,Primary rolling mill at Grevenbroich,51.15,6.78,300,#N/A
Hydro Aluminum Deutschland GmbH,Germany,Aluminum,Primary smelter:  Rheinwerk at Neuss,53.65,9.5,300,#N/A
Trimet Aluminum AG,Germany,Aluminum,Smelter at Essen-Borbeck,51.08,6.62,155,#N/A
MetallhÔøΩttenwerke Bruch GmbH,Germany,Aluminum,Secondary cast alloy plant at Asperg,48.92,9.15,110,#N/A
MetallhÔøΩttenwerke Bruch GmbH,Germany,Aluminum,Secondary cast alloy plant at Bad SÔøΩckingen,47.56,7.91,110,#N/A
MetallhÔøΩttenwerke Bruch GmbH,Germany,Aluminum,Secondary foundry alloy plant at Dortmund,51.54,7.46,110,#N/A
Corus Aluminum Voerde GmbH,Germany,Aluminum,Mill at Koblenz,50.39,7.59,100,#N/A
Corus Aluminum Voerde GmbH,Germany,Aluminum,"Primary smelter at Voerde, North Rhine-Westphalia",51.62,6.66,100,#N/A
Deutsche Steinkohle AG,Germany,Coal: anthracite and bituminous,Mine at Lohberg-Osterfeld,51.05,6.58,18000,#N/A
Deutsche Steinkohle AG,Germany,Coal: anthracite and bituminous,Augusta Victoria/Blumenthal Mine,51.68,7.15,18000,#N/A
Deutsche Steinkohle AG,Germany,Coal: anthracite and bituminous,Prosper-Haniel Mine,51.52,6.72,18000,#N/A
Deutsche Steinkohle AG,Germany,Coal: anthracite and bituminous,Walsum Mine,51.55,6.88,18000,#N/A
Deutsche Steinkohle AG,Germany,Coal: anthracite and bituminous,Lippe Mine,51.5,6.99,18000,#N/A
Deutsche Steinkohle AG,Germany,Coal: anthracite and bituminous,Ost Mine,49.24,6.88,18000,#N/A
Deutsche Steinkohle AG,Germany,Coal: anthracite and bituminous,West Mine,49.24,6.88,18000,#N/A
Deutsche Steinkohle AG,Germany,Coal: anthracite and bituminous,Saar Mine,49.35,6.76,6000,#N/A
Deutsche Steinkohle AG,Germany,Coal: anthracite and bituminous,IbbenbÔøΩren Mine,52.29,7.74,2100,#N/A
RWE Power Aktiengesellschaft,Germany,Coal: lignite,Mine at Bergheim,50.95,6.67,105000,#N/A
RWE Power Aktiengesellschaft,Germany,Coal: lignite,Mine at Garzweiler,51.05,6.52,105000,#N/A
RWE Power Aktiengesellschaft,Germany,Coal: lignite,Mine at Hambach,50.9,6.48,105000,#N/A
RWE Power Aktiengesellschaft,Germany,Coal: lignite,Mine at Inden,50.87,6.33,105000,#N/A
Vattenfall Europe Mining AG,Germany,Coal: lignite,Mine at Boxberg,51.43,14.58,60000,#N/A
Vattenfall Europe Mining AG,Germany,Coal: lignite,Mine at JÔøΩnschwalde,51.87,14.5,60000,#N/A
Vattenfall Europe Mining AG,Germany,Coal: lignite,Mine at Schwarze Pumpe,51.58,14.33,60000,#N/A
Norddeutsche Affinerie AG,Germany,Copper: cathodes,Primary smelter and refinery and secondary plant at Hamburg,53.52,10.04,560,#N/A
HÔøΩttenwerke Kayser AG,Germany,Copper: cathodes,Secondary plant and refinery at LÔøΩnen,51.61,7.51,185,#N/A
Aluminum de GrÔøΩce S.A. (AdG),Greece,Aluminum,"Agios Nikolaos, Boeotia area",38.24,22.96,160,#N/A
Public Power Corporation,Greece,Coal: lignite,Ptolemais mine,40.45,21.8,28000,#N/A
Public Power Corporation,Greece,Coal: lignite,Megalopolis mine,37.38,22.11,7000,PUPOF
Public Power Corporation,Greece,Coal: lignite,Aliveri mine,38.43,24.04,420,PUPOF
Larco G.M.M. S.A.,Greece,"Ferroalloys: Ferronickel, Ni content",Larymna metallurgical plant,38.56,23.29,25,#N/A
Larco G.M.M. S.A.,Greece,Nickel: ore,Evia Mine,38.58,23.27,1500,#N/A
Larco G.M.M. S.A.,Greece,Nickel: ore,Agios Ioannis mine,38.58,23.27,500,#N/A
INOTAL Aluminum Processing Ltd.,Hungary,Aluminum: primary,Inota plant,47.2,18.21,35,#N/A
Magyar Szenbanyaszati Troszt (MSZT) (Hungarian Coal Mining Trust),Hungary,Coal: bituminous and lignite,Mine at Oroszlany,47.51,18.29,8900,#N/A
Magyar Szenbanyaszati Troszt (MSZT) (Hungarian Coal Mining Trust),Hungary,Coal: bituminous and lignite,Mine at Tatabanya,47.56,18.45,8900,#N/A
Magyar Szenbanyaszati Troszt (MSZT) (Hungarian Coal Mining Trust),Hungary,Coal: bituminous and lignite,Mine at Borsod,48.32,20.75,5200,#N/A
Magyar Szenbanyaszati Troszt (MSZT) (Hungarian Coal Mining Trust),Hungary,Coal: bituminous and lignite,Mine at Mecsek,46.17,18.3,3100,#N/A
Magyar Szenbanyaszati Troszt (MSZT) (Hungarian Coal Mining Trust),Hungary,Coal: lignite,Mine at Thorez,47.79,20.06,7000,#N/A
Century Aluminum Co.,Iceland,Aluminum,Smelter at Grundartangi,64.36,-21.77,260,PUPOF
Icelandic Aluminum (ISAL),Iceland,Aluminum,Smelter at Straumsvik,64.05,-22.03,162,#N/A
Alcoa Italia S.p.A.,Italy,Aluminum,Smelter at Porto Vesme,39.21,8.4,188,#N/A
Alcoa Italia S.p.A.,Italy,Aluminum,Smelter at Fusina,45.42,12.25,188,#N/A
Alcoa Italia S.p.A.,Italy,Aluminum,Smelter at Sardinia,39.21,8.4,188,#N/A
KME Group S.p.A.,Italy,Copper: refined,Refinery at Porto Marghera,45.45,12.22,60,#N/A
Europametalli - LMI S.p.A.,Italy,"Copper: refined, secondary",Refinery at Fornaci di Barga,44.05,10.47,24,#N/A
Sitindustrie S.p.A.,Italy,"Copper: refined, secondary",Refinery at Pieve Vergonte,46.01,8.27,22,#N/A
Solway Management,Macedonia,Copper,"Mine and mill at Bucim, near Radovis",41.66,22.35,4100,#N/A
Feni Industries,Macedonia,Nickel: metal,Ferronickel plant at Kavadarci,41.44,21.94,16,#N/A
Feni Industries,Macedonia,Nickel: ore,Mine and opencast mine near Kavadarci,41.42,21.93,2300,#N/A
Kombinat Aluminijuma Podgorica (KAP),Montenegro,Aluminum,Smelter at Podgorica,42.44,19.23,120,#N/A
Rudnik Uglja A.D. Plevlja,Montenegro,Coal,Mine at Pljevlja,43.34,19.37,2000,#N/A
Pechiney Nederland NV,Netherlands,Aluminum: billets,Plant at Flushing (Vlissingen),51.46,3.7,230,#N/A
Pechiney Nederland NV,Netherlands,Aluminum: primary,Plant at Flushing (Vlissingen),51.46,3.7,213,#N/A
Corus Group,Netherlands,Aluminum: primary,Smelter at Delfzijl,53.31,6.98,100,#N/A
Alumax Recycling BV,Netherlands,Aluminum: secondary,Smelter at Kerkade,50.89,6.07,50,#N/A
Hydro Aluminum ANS,Norway,Aluminum,Smelter at Ardal,59.15,6.17,600,#N/A
Hydro Aluminum ANS,Norway,Aluminum,Smelter at Hoyanger,61.22,6.07,600,#N/A
Hydro Aluminum ANS,Norway,Aluminum,Smelter at Karmoy,59.31,5.31,600,#N/A
Hydro Aluminum ANS,Norway,Aluminum,Smelter at Sunndal,62.68,8.56,600,#N/A
Elkem Aluminum ANS,Norway,Aluminum,Smelter at Farsund,58.07,6.78,250,#N/A
Elkem Aluminum ANS,Norway,Aluminum,Smelter at Mosjoen,65.85,13.19,250,#N/A
Hydro Aluminum ANS,Norway,Aluminum,Plant at Holmestrand,59.49,10.32,90,#N/A
Sor-Norge Aluminum A/S,Norway,Aluminum,Smelter at Odda,60.07,6.55,50,#N/A
Store Norske Spitsbergen Kulkompani A/S,Norway,Coal,Mine at Longyearbyen,78.2,15.6,450,#N/A
Store Norske Spitsbergen Kulkompani A/S,Norway,Coal,Mine at Svea,61.58,10.98,450,#N/A
Nikkelverk A/S,Norway,Cobalt,Smelter at Kristiansand,58.14,7.97,5,#N/A
Nikkelverk A/S,Norway,Copper: ore,Smelter at Kristiansand,58.13,7.97,40,#N/A
Nikkel og Olivin A/S,Norway,Copper: ore,Mine at Narvik,68.44,17.44,1,#N/A
Nikkelverk A/S,Norway,Nickel: metal,Smelter at Kristiansand,58.16,7.98,85,#N/A
Nikkel og Olivin A/S,Norway,Nickel: ore,Mine at Narvik,68.44,17.44,3,#N/A
Titania A/S,Norway,Nickel: ore,Mine at Rekefjord,58.32,6.26,0.5,#N/A
Aluminum Konin-Impexmetal S.A.,Poland,Aluminum: primary,Smelter at Konin,52.24,18.23,55,#N/A
Grupa Kety S.A.,Poland,Aluminum: secondary,Smelter at Kety,49.87,19.23,0,#N/A
"Zaklady Metalurgiezne ""Trzebinia""",Poland,Aluminum: secondary,Smelter at Trzebinia,50.17,19.43,0,#N/A
NPA Skawina Ltd.,Poland,Aluminum: secondary,Smelter at Skawina,49.98,19.83,20,#N/A
Kompania Weglowa S.A.,Poland,Coal: bituminous,Mine at Upper Silesia (17 mines),50.17,18.83,140000,#N/A
Poludniowy Koncern Weglowy S.A.,Poland,Coal: bituminous,Mine at Upper Silesia (2 mines),50.17,18.83,140000,#N/A
KWK Budryk S.A.,Poland,Coal: bituminous,Mine at Upper Silesia,50.17,18.83,140000,#N/A
Katowicki Holding Weglowy S.A.,Poland,Coal: bituminous,Mine at Upper Silesia (6 mines),50.17,18.83,140000,#N/A
KWK Zazimierz-Juliusz Sp. z o.o.,Poland,Coal: bituminous,Mine at Upper Silesia,50.17,18.83,140000,#N/A
SILTECH Sp. z o.o.,Poland,Coal: bituminous,Mine at Upper Silesia,50.17,18.83,140000,#N/A
Jastrzebska Spolka Weglowa S.A.,Poland,Coal: bituminous,Mine at Upper Silesia (5 mines),50.17,18.83,140000,#N/A
"Lubelski Wegiel ""Bogdanka"" S. A.",Poland,Coal: bituminous,"East of Leczna, Lublin coal basin, eastern Poland",51.3,22.88,140000,#N/A
"KWB ""Adamow"" S.A.",Poland,Coal: lignite,Mine at Adamow,52.35,19.65,75000,#N/A
"PGE KWB ""Belchatow"" S.A.",Poland,Coal: lignite,Mine at Belchatow,51.26,19.29,75000,#N/A
"KWB ""Konin"" S.A.",Poland,Coal: lignite,Mine at Konin,52.22,18.27,75000,#N/A
"KWB ""Sieniawa"" Sp. z o.o.",Poland,Coal: lignite,Mine at Sieniawa,52.37,15.37,75000,#N/A
"PGE KWB ""Turow"" S.A.",Poland,Coal: lignite,Mine at Turow,50.92,14.92,75000,#N/A
"Kombinat Gorniczo Hutniczy Miedzi (KGHM) Polska Miedz S.A. [KGHM, S.A.]",Poland,"Copper: concentrate, gross weight (25.2% -25.9% Cu)",Rudna beneficiation plant,53.22,17.02,700,#N/A
"Kombinat Gorniczo Hutniczy Miedzi (KGHM) Polska Miedz S.A. [KGHM, S.A.]",Poland,"Copper: concentrate, gross weight (25.2% -25.9% Cu)",Lubin beneficiation plant,53.87,14.43,465,#N/A
"Kombinat Gorniczo Hutniczy Miedzi (KGHM) Polska Miedz S.A. [KGHM, S.A.]",Poland,"Copper: concentrate, gross weight (25.2% -25.9% Cu)",Polkowice beneficiation plant,51.48,16.07,450,#N/A
"Kombinat Gorniczo Hutniczy Miedzi (KGHM) Polska Miedz S.A. [KGHM, S.A.]",Poland,"Copper: metal, refined",Refinery at Glogow I,51.66,16.11,480,#N/A
"Kombinat Gorniczo Hutniczy Miedzi (KGHM) Polska Miedz S.A. [KGHM, S.A.]",Poland,"Copper: metal, refined",Refinery at Glogow II,51.66,16.11,480,#N/A
"Kombinat Gorniczo Hutniczy Miedzi (KGHM) Polska Miedz S.A. [KGHM, S.A.]",Poland,"Copper: metal, refined",Refinery at Legnica,51.18,16.12,480,#N/A
"Kombinat Gorniczo Hutniczy Miedzi (KGHM) Polska Miedz S.A. [KGHM, S.A.]",Poland,Copper: ore,Rudna Mine,53.22,17.02,11000,#N/A
"Kombinat Gorniczo Hutniczy Miedzi (KGHM) Polska Miedz S.A. [KGHM, S.A.]",Poland,Copper: ore,Polkowice- Sieroszowice Mine,51.48,16.07,9200,#N/A
"Kombinat Gorniczo Hutniczy Miedzi (KGHM) Polska Miedz S.A. [KGHM, S.A.]",Poland,Copper: ore,Lubin Mine,53.87,14.43,7000,#N/A
Lundin Mining Corp. (LMC),Portugal,Copper: concentrate,Nerves Corvo Mine near Castro Verde,37.57,-7.97,100,#N/A
Lundin Mining Corp. (LMC),Portugal,Copper: concentrate,Aljustrel Mine,37.87,-8.16,20,#N/A
Alro S.A.,Romania,Aluminum: primary,Plant at Slatina,44.44,24.39,300,#N/A
Compania Nationala a Huilei-Petrosani,Romania,Coal: bituminous,"Valea Jiului Mining Complex, near Hunedoara",44.41,23.7,10400,#N/A
Societatea National a Lignitului Oltenia-Targu Jui,Romania,Coal: lignite,Mine at Jiu Valley,44.41,23.7,20300,#N/A
Societatea National a Carbunelui-Ploiesti,Romania,Coal: lignite,Mine at Ploiesti,44.97,25.96,8700,#N/A
Compania Nationala REMIN S.A. and Compania Nationala Minvest,Romania,Copper: concentrate,Mine at Baia Mare,47.64,23.47,180,#N/A
Compania Nationala REMIN S.A. and Compania Nationala Minvest,Romania,Copper: concentrate,Mine at Baia Sprie,47.65,23.62,180,#N/A
Compania Nationala REMIN S.A. and Compania Nationala Minvest,Romania,Copper: concentrate,Borsa Balan Mine,46.31,23.17,180,#N/A
Compania Nationala REMIN S.A. and Compania Nationala Minvest,Romania,Copper: concentrate,Cavnic Mine,47.62,23.8,180,#N/A
Compania Nationala REMIN S.A. and Compania Nationala Minvest,Romania,Copper: concentrate,Lesul Ursului Mine,46.3,23.12,180,#N/A
Compania Nationala REMIN S.A. and Compania Nationala Minvest,Romania,Copper: concentrate,Noud Mine,46.3,23.12,180,#N/A
Compania Nationala REMIN S.A. and Compania Nationala Minvest,Romania,Copper: concentrate,Rosia Montana Mine,46.3,23.12,180,#N/A
Compania Nationala REMIN S.A. and Compania Nationala Minvest,Romania,Copper: concentrate,Rosia Poieni Mine,46.3,23.12,180,#N/A
Cuprom S.A. Baia Mare,Romania,Copper: metal,Outokumpu flash smelter and electrolytic refinery,47.64,23.54,40,#N/A
JP PEU Resavica,Serbia,Coal: bituminous,Underground mine at Baljevac,43.38,20.61,0,#N/A
JP PEU Resavica,Serbia,Coal: bituminous,Underground mine at Vrska Cuka,43.85,22.35,0,#N/A
JP PEU Resavica,Serbia,Coal: brown,Underground mine at Bogovina,43.89,21.95,0,#N/A
JP PEU Resavica,Serbia,Coal: brown,Underground mine at Krepolijn,44.26,21.61,0,#N/A
JP PEU Resavica,Serbia,Coal: brown,Underground mine at Resavica,44.07,21.52,0,#N/A
JP PEU Resavica,Serbia,Coal: brown,Underground mine at Soko Banja,43.64,21.87,0,#N/A
JP PEU Resavica,Serbia,Coal: brown,Underground mine at Stavalj,43.27,20.13,0,#N/A
PD RB Kolubara d.o.o.,Serbia,Coal: lignite,Opencast mines at Polje B,44.48,20.24,0,#N/A
PD RB Kolubara d.o.o.,Serbia,Coal: lignite,Opencast mines at Polje D,44.44,20.32,0,#N/A
PD RB Kolubara d.o.o.,Serbia,Coal: lignite,Opencast mines at Tamnava East,44.48,20.31,0,#N/A
PD RB Kolubara d.o.o.,Serbia,Coal: lignite,Opencast mines at Tamnava West,44.49,20.21,0,#N/A
TE-KO Kostolac d.o.o.,Serbia,Coal: lignite,Opencast mines at Cirikovac,44.68,21.21,0,#N/A
TE-KO Kostolac d.o.o.,Serbia,Coal: lignite,Opencast mines at Drmno,44.71,21.23,0,#N/A
TE-KO Kostolac d.o.o.,Serbia,Coal: lignite,Opencast mines at Klenovnik,44.71,21.23,0,#N/A
JP PEU Resavica,Serbia,Coal: lignite,Underground mine at Lubnica,43.87,22.2,0,#N/A
Rudarsko Topionicki Bazen Bor (RTB Bor),Serbia,Copper: metal,Electrolytic refinery at Bor,44.07,22.11,0,#N/A
Rudarsko Topionicki Bazen Bor (RTB Bor),Serbia,Copper: metal,Smelter at Bor,44.07,22.11,0,#N/A
Rudarsko Topionicki Bazen Bor (RTB Bor),Serbia,"Copper: mine production, Cu content of concentrate",Mine at Majdanpek,44.41,21.95,0,#N/A
Rudarsko Topionicki Bazen Bor (RTB Bor),Serbia,"Copper: mine production, Cu content of concentrate",Mill at Majdanpek,44.41,21.95,0,#N/A
Rudarsko Topionicki Bazen Bor (RTB Bor),Serbia,"Copper: mine production, Cu content of concentrate",Mine at Veliki Krivelj,44.13,22.11,0,#N/A
Rudarsko Topionicki Bazen Bor (RTB Bor),Serbia,"Copper: mine production, Cu content of concentrate",Mill at Veliki Krivelj,44.13,22.11,0,#N/A
Rudarsko Topionicki Bazen Bor (RTB Bor),Serbia,"Copper: mine production, Cu content of concentrate","Mine ""Jama"" at Bor",44.07,22.11,0,#N/A
Rudarsko Topionicki Bazen Bor (RTB Bor),Serbia,"Copper: mine production, Cu content of concentrate","Mill ""Jama"" at Bor",44.07,22.11,0,#N/A
ZSNP Aluminum Works,Slovakia,Aluminum,Plant at Hronom,48.57,18.86,195,#N/A
ZSNP Aluminum Works,Slovakia,Aluminum,Plant at Ziar,48.57,18.86,195,#N/A
"Hornonitranske Bane, A.S.",Slovakia,Coal: brown,Mine at Prievidza,48.75,18.66,3500,#N/A
"Bana Dolina, A.S.",Slovakia,Coal: brown,Mine at V'lky Krtis,48.23,19.34,500,#N/A
"Bana Zhorie, A.S.",Slovakia,Coal: lignite,Mine at Holic,48.8,17.17,400,#N/A
Kovohuty A.S.,Slovakia,Copper: refined,Plant in Krompachy,48.67,19.15,30,#N/A
Talum d.o.o. Kidricevo,Slovenia,Aluminum,Smelter at Kidricevo,46.39,15.79,120,#N/A
Talum d.o.o. Kidricevo,Slovenia,Aluminum,Plant at Kidricevo,46.39,15.79,72,#N/A
"SOZC, Rudarsko Energetski Kombinat E. Kardelj",Slovenia,Coal: brown,Mine Sasavski Rudnici,46.14,15.06,1300,#N/A
"SOZC, Rudarsko Energetski Kombinat E. Kardelj",Slovenia,Coal: brown,Mine at Hrastnik,46.14,15.06,1300,#N/A
"SOZC, Rudarsko Energetski Kombinat E. Kardelj",Slovenia,Coal: brown,Mine at Kanizarnica,45.55,15.17,1300,#N/A
"SOZC, Rudarsko Energetski Kombinat E. Kardelj",Slovenia,Coal: brown,Mine at Ojstro,46.16,15.28,1300,#N/A
"SOZC, Rudarsko Energetski Kombinat E. Kardelj",Slovenia,Coal: brown,Mine at Senovo,46.04,15.47,1300,#N/A
"Rudarsko Energetski Kombinat Velenje, RO Rudnik Lignita-Velenje",Slovenia,Coal: lignite,Mine at Velenje,46.39,15.17,5000,#N/A
AlÔøΩmina Espanola S.A.,Spain,Aluminum,"Electrolytic plant at San Ciprian, Lugo",43.7,-7.47,230,#N/A
Alcoa Inespal S.A.,Spain,Aluminum,Electrolytic plant at Aviles,43.58,-5.91,85,#N/A
Alcoa Inespal S.A. (Alcoa Inc.),Spain,Aluminum,Electorlytic plant at La Coruna,43.35,-8.44,85,#N/A
Antracitas Gaiztarro S.A.,Spain,Coal: anthracite,Mine at MarÔøΩa,37.72,-2.17,2000,#N/A
Antracitas Gaiztarro S.A.,Spain,Coal: anthracite,Mine near Oviedo,43.37,-5.83,2000,#N/A
Antracitas Gaiztarro S.A.,Spain,Coal: anthracite,Mine at Paulina,37.72,-2.17,2000,#N/A
Antracitas del Bierzo S.A.,Spain,Coal: anthracite,Mine near Leon,42.6,-5.57,1000,#N/A
Hulleras del Norte S.A. (Hunosa),Spain,Coal: bituminous,San Nicolas Mine,43.27,-5.82,3300,#N/A
Hulleras del Norte S.A. (Hunosa),Spain,Coal: bituminous,Candin mine,43.32,-5.72,3300,#N/A
Hulleras del Norte S.A. (Hunosa),Spain,Coal: bituminous,Maria Luisa Mine,43.32,-5.72,3300,#N/A
Hulleras del Norte S.A. (Hunosa),Spain,Coal: bituminous,Modesta Plant,43.3,-5.68,3300,#N/A
Hulleras del Norte S.A. (Hunosa),Spain,Coal: bituminous,Carrio Mine,43.25,-5.57,3300,#N/A
Hulleras del Norte S.A. (Hunosa),Spain,Coal: bituminous,Batan Plant,43.25,-5.77,3300,#N/A
Hulleras del Norte S.A. (Hunosa),Spain,Coal: bituminous,Monsacro mine,43.28,-5.88,3300,#N/A
Hulleras del Norte S.A. (Hunosa),Spain,Coal: bituminous,Aller Mine,43.2,-5.78,3300,#N/A
Hulleras del Norte S.A. (Hunosa),Spain,Coal: bituminous,Soton Mine,43.27,-5.62,3300,#N/A
Hulleras del Norte S.A. (Hunosa),Spain,Coal: bituminous,Figaredo Mine,43.22,-5.78,3300,#N/A
Hulleras Vasco Leonesa S.A.,Spain,Coal: bituminous,"Santa Lucia Mine, Leon",42.6,-5.57,2000,#N/A
Minas de Figaredo S.A.,Spain,Coal: bituminous,Mine near Oviedo,43.37,-5.83,1000,#N/A
Nacional de Carbon del Sur (Encasur),Spain,Coal: bituminous,Rampa 3 and San Jose Mines,37.6,-5.72,200,#N/A
Empresa Nacional de Electricidad S.A. (Endesa),Spain,Coal: lignite,Andorra Mine,40.97,-0.43,15000,ELEZF
Empresa Nacional de Electricidad S.A. (Endesa),Spain,Coal: lignite,As Pontes Mine,43.32,-6.43,15000,ELEZF
Atlantic Copper S.A.,Spain,Copper: metal,Refinery at Huelva,37.24,-6.95,270,#N/A
Atlantic Copper S.A.,Spain,Copper: metal,Electrolytic refinery at Huelva,37.24,-6.95,105,#N/A
Elmet SL,Spain,Copper: metal,"Smelter and electrolytic refinery at Berango, Vizcaya",43.37,-2.99,60,#N/A
Industrias Reunidas de Cobre,Spain,Copper: metal,Smelter at Asua-Bilbao,43.31,-2.99,30,IBA
Atlantic Copper S.A.,Spain,"Copper: ore, metal",Alfredo underground mine,37.13,-2.07,30,#N/A
Minas de Rio Tinto S.A.,Spain,"Copper: ore, metal",Cerro Colorado open pit mine,37.13,-2.07,20,#N/A
Atlantic Copper S.A.,Spain,"Copper: ore, metal",Mine at Arientero,42.88,-8.55,12,#N/A
Atlantic Copper S.A.,Spain,"Copper: ore, metal",Plant at Arientero,42.88,-8.55,12,#N/A
"Rio Narcea Gold Mines, Ltd.",Spain,Nickel: metal,Aguablanca Mine,37.96,-6.19,8,#N/A
Granges AB,Sweden,Aluminum,Sundsvall smelter at Kubikenborg,62.37,17.37,100,#N/A
Boliden Metals AB,Sweden,Copper: metal,Smelter and refinery at Ronnskar,64.67,21.27,240,#N/A
Boliden Mineral AB,Sweden,Copper: ore,Mine at Aitik,67,19.32,68,#N/A
Boliden Mineral AB,Sweden,Copper: ore,Mine at Garpenberg,60.31,16.19,68,#N/A
Boliden Mineral AB,Sweden,Copper: ore,Mine at Kankberg,64.91,20.26,68,#N/A
Boliden Mineral AB,Sweden,Copper: ore,Mine at Kristineberg,65.07,18.57,68,#N/A
Boliden Mineral AB,Sweden,Copper: ore,Mine at Langdal,64.87,20.37,68,#N/A
Boliden Mineral AB,Sweden,Copper: ore,Mine at Petiknas,64.94,20.07,68,#N/A
Boliden Mineral AB,Sweden,Copper: ore,Mine at Renstrom,64.92,20.09,68,#N/A
Outokumpu Oyj,Sweden,Copper: ore,Mine at Pahtohavare,67.84,20.17,22,#N/A
Novelis Inc,Switzerland,Aluminum,Rolling mill at Sierre,46.28,7.53,168,#N/A
Rio Tinto Corp.,Switzerland,Aluminum,Smelter at Steg,46.31,7.76,168,RIO
Schmelzmetall AG,Switzerland,Copper,Refinery at Gurtnellen,46.73,8.62,2.4,#N/A
British Alcan Aluminum Ltd.,United Kingdom,Aluminum: primary,Smelter at Lynemouth,55.2,-1.53,169,#N/A
Anglesy Aluminum Ltd.,United Kingdom,Aluminum: primary,Smelter at Holyhead,53.3,-4.61,144,#N/A
British Alcan Aluminum Ltd.,United Kingdom,Aluminum: primary,Locchaber Smelter,56.83,-5.07,41,#N/A
Coleshill Aluminum Ltd.,United Kingdom,Aluminum: secondary,Plant at Coleshill,53.02,-3.21,0,#N/A
Cohen Alloys Ltd.,United Kingdom,Aluminum: secondary,Plant at Glasgow,55.85,-4.33,0,#N/A
Hydro Aluminum Deeside Ltd.,United Kingdom,Aluminum: secondary,Plant at Clwyd,53.04,-2.93,55,#N/A
H.J.  Banks Mining,United Kingdom,Coal,Delhi Pit,55.08,-1.65,0,#N/A
UK Coal plc,United Kingdom,Coal,Kellingley Colliery,53.7,-1.2,30000,#N/A
UK Coal plc,United Kingdom,Coal,Thoresby Colliery,53.2,-1.05,30000,#N/A
UK Coal plc,United Kingdom,Coal,Welbeck Colliery,53.27,-1.2,30000,#N/A
UK Coal plc,United Kingdom,Coal,Maltby Colliery,53.43,-1.18,30000,#N/A
UK Coal plc,United Kingdom,Coal,Daw Mill Colliery,52.33,-1.58,30000,#N/A
The Scottish Coal Company Ltd.,United Kingdom,Coal,Chalmerston Pit,55.35,-4.36,4000,#N/A
The Scottish Coal Company Ltd.,United Kingdom,Coal,Broken Cross Pit,55.57,-3.86,4000,#N/A
The Scottish Coal Company Ltd.,United Kingdom,Coal,Glentaggart Pit,55.52,-3.89,4000,#N/A
The Scottish Coal Company Ltd.,United Kingdom,Coal,Newbigging Farm Pit,55.8,-3.2,4000,#N/A
The Scottish Coal Company Ltd.,United Kingdom,Coal,Powharnal Pit,55.54,-3.98,4000,#N/A
The Scottish Coal Company Ltd.,United Kingdom,Coal,St. Ninians (Greenbank) Pit,56.12,-3.41,4000,#N/A
The Scottish Coal Company Ltd.,United Kingdom,Coal,Chapelhill Pit,56.38,-3.29,4000,#N/A
ATH Resources PLC,United Kingdom,Coal,Grievehill Pit,55.44,-4.18,1600,#N/A
ATH Resources PLC,United Kingdom,Coal,Glenmuckloch Pit,55.4,-4.03,1600,#N/A
Goitre Tower Colliery Ltd.,United Kingdom,Coal,Tower Colliery,51.73,-3.56,500,#N/A
Celtic Energy Ltd.,United Kingdom,Coal,Nant Helen Extension Pit,51.78,-3.67,400,#N/A
Celtic Energy Ltd.,United Kingdom,Coal,Selar Pit,51.73,-3.6,400,#N/A
Celtic Energy Ltd.,United Kingdom,Coal,Margam Pit,51.54,-3.64,350,#N/A
Celtic Energy Ltd.,United Kingdom,Coal,Nant Helen Extension Pit,51.78,-3.67,130,#N/A
INCO Europe Ltd.,United Kingdom,Nickel: refined,Plant at Clydach,51.69,-3.89,30,#N/A
"Aluminio Argentino S.A.I.C. (government: 52.1%, private: 47.9%)",Argentina,Aluminum,"Puerto Madryn, Chubut Province",-42.767,-65.05,275,#N/A
Yacimientos CarbonÔøΩfero RÔøΩo Turbio S.A. (private: 100%),Argentina,Coal,"RÔøΩo Turbio, Santa Cruz Province",-51.533,-72.299,210,#N/A
"Minera Alumbrera Ltd. (Xstrata plc: 50%, Wheaton River Minerals Ltd.: 37.5%, Northern Orion Resources Inc.: 12.5%)",Argentina,Copper and gold,"Bajo de La Alumbrera Mine, BelÔøΩn Department, Catamarca Province",-27.65,-67.033,200 (copper),#N/A
Minera del Altiplano S.A.,Argentina,Lithium,"Salar del Hombre Muerto, Salta Province",-25.789,-66.892,"7,260 (chlor",#N/A
"Albras-AlumÔøΩnio Brasileiro S.A. (Albras) (Companhia Vale do Rio Doce: 51%, Nippon Amazon Aluminio Co.: 49%)",Brazil,Aluminum,BelÔøΩm ParÔøΩ State,-1.45,-48.483,440 (metal),#N/A
"Albras-AlumÔøΩnio Brasileiro S.A. (Albras) (Companhia Vale do Rio Doce: 51%, Nippon Amazon Aluminio Co.: 49%)",Brazil,Aluminum,"Vila do Conde, ParÔøΩ State",-1.55,-48.75,440 (metal),#N/A
Alcan AlumÔøΩnio do Brasil S.A. (Alcan Aluminum Ltd.: 100%),Brazil,Aluminum,"Saramenha, Minas Gerais State",-20.41,-43.5,100 (metal),#N/A
Alcan AlumÔøΩnio do Brasil S.A. (Alcan Aluminum Ltd.: 100%),Brazil,Aluminum,"Saramenha, Minas Gerais State",-20.41,-43.5,150 (alumina,#N/A
Alcan AlumÔøΩnio PoÔøΩos de Caldas (Alucaldas) (Alcan AlumÔøΩnio do Brasil S.A.: 100%),Brazil,Aluminum,"PoÔøΩos de Caldas, Minas Gerais State",-21.8,-46.567,"1,000 (bauxi",#N/A
Alcan Empreendimentos Ltda. (Alcan AlumÔøΩnio do Brasil S.A.: 100%),Brazil,Aluminum,"LamininaÔøΩÔøΩo de Pindamonhangaba, SÔøΩo Paulo State",-22.917,-45.467,280 (metal),#N/A
"Alcoa AlumÔøΩnio S.A. [Aluminum Co. of America (Alcoa): 54%, BHP Billiton: 36%, Alcan: 10%]",Brazil,Aluminum,"PoÔøΩos de Caldas, Minas Gerais State",-21.8,-46.567,400 (bauxite,AA
"Alcoa AlumÔøΩnio S.A. [Aluminum Co. of America (Alcoa): 54%, BHP Billiton: 36%, Alcan: 10%]",Brazil,Aluminum,"SÔøΩo Luiz, MaranhÔøΩo State",-2.517,-44.267,550 (alumina,AA
"Alcoa AlumÔøΩnio S.A. [Aluminum Co. of America (Alcoa): 54%, BHP Billiton: 36%, Alcan: 10%]",Brazil,Aluminum,"SÔøΩo Luiz, MaranhÔøΩo State",-2.517,-44.267,239 (metal),AA
Alumar Consortium S.A. (Alcoa AlumÔøΩnio S.A.: 100%),Brazil,Aluminum,"Juriti bauxite mine, ParÔøΩ State",-2.167,-56.067,"4,000 (bauxi",#N/A
"Alumar Consortium S.A. (Alcoa: 53.66%, BHP Billiton: 46.34%)",Brazil,Aluminum,"SÔøΩo Luis, MaranhÔøΩo State",-2.517,-44.267,"1,000 (metal",#N/A
"Alumar Consortium S.A. (Alcoa: 54%, BHP Billiton: 36%, Alcan: 10%)",Brazil,Aluminum,"SÔøΩo Luis, MaranhÔøΩo State",-2.517,-44.267,"2,000 (alumi",#N/A
AlumÔøΩnio do Brasil Nordeste S.A. (Alcan Aluminum Ltd.: 100%),Brazil,Aluminum,"Aratu, Bahia State",-12.817,-38.45,120 (metal),#N/A
AlumÔøΩnio do Norte do Brasil S.A. (Alunorte) (private: 100%),Brazil,Aluminum,"Barcarena, ParÔøΩ State",-1.5,-48.667,"2,400 (alumi",#N/A
"Aluvale (CVRD: 54.5%, Billiton Metais S.A.: 45.5%)",Brazil,Aluminum,"Santa Cruz, Rio de Janeiro State",-22.925,-43.688,93 (metal),#N/A
Companhia Brasileira de AlumÔøΩnio (CBA) (private: 100%),Brazil,Aluminum,"PoÔøΩos de Caldas, Minas Gerais State",-21.8,-46.567,"1,000 (bauxi",CBD
Companhia Brasileira de AlumÔøΩnio (CBA) (private: 100%),Brazil,Aluminum,"Sorocaba, SÔøΩo Paulo State",-23.483,-47.45,500 (alumina,CBD
Companhia Brasileira de AlumÔøΩnio (CBA) (private: 100%),Brazil,Aluminum,"Sorocaba, SÔøΩo Paulo State",-23.483,-47.45,340 (metal),CBD
"Companhia Geral do Minas (Aluminum Co. of America: 79%, others: 21%)",Brazil,Aluminum,"PoÔøΩos de Caldas, Minas Gerais State",-21.8,-46.567,275 (alumina,CBD
"Companhia Geral do Minas (Aluminum Co. of America: 79%, others: 21%)",Brazil,Aluminum,"PoÔøΩos de Caldas, Minas Gerais State",-21.8,-46.567,95 (metal),CBD
"Consortium Paragominas S.A. (CVRD: 48.7%, MRN: 24.6%, Nippon Amazon Aluminum Co.: 12.2%, CBA: 5.7%, others: 8.8%)",Brazil,Aluminum,"Jabuti, ParÔøΩ State",-4.133,-58.633,"4,500 (bauxi",#N/A
"Consortium Paragominas S.A. (CVRD: 48.7%, MRN: 24.6%, Nippon Amazon Aluminum Co.: 12.2%, CBA: 5.7%, others: 8.8%)",Brazil,Aluminum,"Jabuti, ParÔøΩ State (alumina)",-4.133,-58.633,"1,200 (alumi",#N/A
"MineraÔøΩÔøΩo Rio do Norte S.A. (MRN) (CVRD: 40%, Billiton plc: 14.8%, Alcoa: 13.2%, Alcan Empreendi-mentos Ltda.: 12%, CBA, 10%: Norsk Hydro Comercio e Industria: 5%, Reynolds Aluminio do Brasil: 5%)",Brazil,Aluminum,"Oriximina, ParÔøΩ State",-1.765,-55.864,"14,500 (baux",#N/A
"MineraÔøΩÔøΩo Rio do Norte S.A. (MRN) (CVRD: 40%, Billiton plc: 14.8%, Alcoa: 13.2%, Alcan Empreendi-mentos Ltda.: 12%, CBA, 10%: Norsk Hydro Comercio e Industria: 5%, Reynolds Aluminio do Brasil: 5%)",Brazil,Aluminum,"Papagalo, ParÔøΩ State",-5.533,-49.1,"2,000 (bauxi",#N/A
"MineraÔøΩÔøΩo Rio do Norte S.A. (MRN) (CVRD: 40%, Billiton plc: 14.8%, Alcoa: 13.2%, Alcan Empreendi-mentos Ltda.: 12%, CBA, 10%: Norsk Hydro Comercio e Industria: 5%, Reynolds Aluminio do Brasil: 5%)",Brazil,Aluminum,"Trombetas, ParÔøΩ State",-1.886,-55.628,"2,000 (bauxi",#N/A
"Reynolds Internacional do Brasil (Reynolds: 42.5%, Bradesco Bank: 42.5%, J.P. Morgan: 15%)",Brazil,Aluminum,"Sorocaba, SÔøΩo Paulo State",-23.483,-47.45,5.4 million,#N/A
"Vale do Sul AlumÔøΩnio S.A. (Aluvale) (government: 27%, private: 25%, Shell do Brasil S.A.: 44%)",Brazil,Aluminum,"Santa Cruz, Rio de Janeiro State",-22.925,-43.688,86 (metal),RDS.A
CarbonÔøΩfera CirciÔøΩma S.A. (CCSA) (private: 100%),Brazil,Coal,"CirciÔøΩma, Santa Catarina State (two mines)",-28.7,-49.367,1600,#N/A
Companhia CarbonÔøΩfera Metropolitana S.A. (private: 100%),Brazil,Coal,"CirciÔøΩma, Santa Catarina State (three mines)",-28.7,-49.367,1200,CBD
Companhia Riograndense de MineraÔøΩÔøΩo S.A. (private: 100%),Brazil,Coal,"CirciÔøΩma, Santa Catarina State (two mines)",-28.7,-49.367,2600,CBD
Copelmi MineraÔøΩÔøΩo Ltda. (COPELMI) (private: 100%),Brazil,Coal,"Arroio dos Ratos Rio, Grande do Sul State (four mines)",-30.083,-51.717,4600,#N/A
CaraÔøΩba Metais S/A (CMSA) (private: 100%).,Brazil,Copper,"CamaÔøΩari, Bahia State",-12.683,-38.333,220 (metal),#N/A
MineraÔøΩÔøΩo CaraÔøΩba S/A (Grupo PARANAPANEMA: 100%),Brazil,Copper,"Jaguari, Bahia State",-10.267,-40.2,130 (ore),#N/A
MineraÔøΩÔøΩo CaraÔøΩba S/A (Grupo PARANAPANEMA: 100%),Brazil,Copper,"Jaguari, Bahia State (beneficiation plant)",-10.267,-40.2,90 (concentr,#N/A
CODEMIN S.A. (Anglo American plc: 100%),Brazil,Nickel,"NiquelÔøΩndia, GoiÔøΩs State",-14.45,-48.45,20 (metal),#N/A
Companhia Niquel Tocantins (Grupo Votarantim: 100%),Brazil,Nickel,"NiquelÔøΩndia, GoiÔøΩs State",-14.45,-48.45,20 (ore),CBD
Companhia Niquel Tocantins (Grupo Votarantim: 100%),Brazil,Nickel,"NiquelÔøΩndia, GoiÔøΩs State",-14.45,-48.45,10 (electrol,CBD
MineraÔøΩÔøΩo Serra da Fortaleza (Grupo Votarantim: 100%),Brazil,Nickel,"Fortaleza, Minas Gerais State",-5.983,-48.133,19 (nickel m,#N/A
Alcan Inc.,Canada,Aluminum,"Smelter in LaterriÔøΩre, QuÔøΩbec",48.5,-72.62,219,#N/A
Alcan Inc.,Canada,Aluminum,"Smelter in Beauharnois, QuÔøΩbec",45.317,-73.867,50,#N/A
Alcan Inc.,Canada,Aluminum,"Smelter in Shawinigan, QuÔøΩbec",46.55,-72.733,91,#N/A
Alcan Inc.,Canada,Aluminum,"Smelter in Grande-Baie, QuÔøΩbec",48.3,-70.85,198,#N/A
Alcan Inc.,Canada,Aluminum,"Smelter in Arvida, JonquiÔøΩre, QuÔøΩbec",48.433,-71.183,163,#N/A
Alcan Inc.,Canada,Aluminum,"Smelter in Kitimat, British Columbia",54,-128.7,275,#N/A
Alcan Inc.,Canada,Aluminum,"Smelter in Alma, QuÔøΩbec",48.55,-71.65,400,#N/A
"Aluminerie Alouette Inc. (Alcan: 40%, Aluminium Austria Metall QuÔøΩbec: 20%, Hydro Aluminum: 20%, SociÔøΩtÔøΩ gÔøΩnÔøΩrale de financement du QuÔøΩbec (SGF): 13.33%, and Marubeni QuÔøΩbec Inc.: 6.67%)",Canada,Aluminum,"Smelter in Sept-Iles, QuÔøΩbec",50.355,-66.383,244,#N/A
Aluminerie Lauralco Inc. (Alcoa: 100%),Canada,Aluminum,"Deschambault, QuÔøΩbec",46.633,-71.917,249,#N/A
"Aluminiere de BÔøΩcancour Inc. (Alcoa: 75%, Alcan: 25%)",Canada,Aluminum,"Smelter in BÔøΩcancour, QuÔøΩbec",46.333,-72.433,403,#N/A
Canadian Reynolds Metals Co. Ltd. (Alcoa: 100%),Canada,Aluminum,"Smelter in Baie-Comeau, QuÔøΩbec",49.217,-68.15,438,AA
"Elk Valley Coal Partnership (Teck Cominco Limited: 41%, Consol Energy Inc., Fording Inc., and Luscar Energy Partnership: 59%)",Canada,Coal,Coal Mountain Mine located at 30km southeast of Sparwood,49.79,-114.89,"2,500 (open",#N/A
"Elk Valley Coal Partnership (Teck Cominco Limited: 41%, Consol Energy Inc., Fording Inc., and Luscar Energy Partnership: 59%)",Canada,Coal,"Elkview Mine near Sparwood, British Columbia",49.79,-114.89,6000,#N/A
"Elk Valley Coal Partnership (Teck Cominco Limited: 41%, Consol Energy Inc., Fording Inc., and Luscar Energy Partnership: 59%)",Canada,Coal,"Fording River Mine near Elkford, British Columbia, community at the north on Highway 43 (21 miles/34 km)",49.79,-114.89,"10,000 (open",#N/A
"Elk Valley Coal Partnership (Teck Cominco Limited: 41%, Consol Energy Inc., Fording Inc., and Luscar Energy Partnership: 59%)",Canada,Coal,"Greenhills Mine near Elkford, British Columbia",49.79,-114.89,"4,500 (open-",#N/A
"Elk Valley Coal Partnership (Teck Cominco Limited: 41%, Consol Energy Inc., Fording Inc., and Luscar Energy Partnership: 59%)",Canada,Coal,"Line Creek Mine near Sparwood, British Columbia",49.79,-114.89,9000,#N/A
"Elk Valley Coal Partnership (Teck Cominco Limited: 41%, Consol Energy Inc., Fording Inc., and Luscar Energy Partnership: 59%)",Canada,Coal,"Cardinal River Mine near Hinton, Alberta",53.83,-117.23,8000,#N/A
Boliden Westmin (Canada) Limited,Canada,Copper,"Myra Falls Mine, British Columbia",49.33,-125.33,9000,#N/A
"Falconbridge Limited (Noranda Inc.: 58.9%, Falconbridge Limited: 41.1%)",Canada,Copper,"Sudbury Division, Sudbury, Ontario",46.5,-80.967,4250,#N/A
"Falconbridge Limited (Noranda Inc.: 58.9%, Falconbridge Limited: 41.1%)",Canada,Copper,"Strathcona and Timmins operations in Timmins, Ontario",48.5,-81.333,4860,#N/A
"Falconbridge Limited (Noranda Inc.: 58.9%, Falconbridge Limited: 41.1%)",Canada,Copper,"Smelter in Timmins, Ontario",48.5,-81.333,440,#N/A
"Falconbridge Limited (Noranda Inc.: 58.9%, Falconbridge Limited: 41.1%)",Canada,Copper,"Kidd Creek Mine, near Timmins, northern Ontario",48.683,-81.367,"4,000 (ore)",#N/A
"Falconbridge Limited (Noranda Inc.: 58.9%, Falconbridge Limited: 41.1%)",Canada,Copper,"Montcalm Mine, 70 km west of Timmins, Ontario",48.56,-81.89,"2,000 (ore)",#N/A
"Falconbridge Limited (Noranda Inc.: 58.9%, Falconbridge Limited: 41.1%)",Canada,Copper,"Raglan Mine in Ungave, QuÔøΩbec",61.65,-73.683,"2,000 (ore)",#N/A
"Falconbridge Limited (Noranda Inc.: 58.9%, Falconbridge Limited: 41.1%)",Canada,Copper,"Louvicourt Mine, Val d'Or, QuÔøΩbec",48.77,-77.8,"2,000 (ore)",#N/A
"Falconbridge Limited (Noranda Inc.: 58.9%, Falconbridge Limited: 41.1%)",Canada,Copper,"Smelter in Thompson, Manitoba",55.75,-97.867,686 (project,#N/A
"Falconbridge Limited (Noranda Inc.: 58.9%, Falconbridge Limited: 41.1%)",Canada,Copper,"Bell Allard Mine, Murdochville, QuÔøΩbec",49.683,-77.733,"4,000 (ore)",#N/A
"Falconbridge Limited (Noranda Inc.: 58.9%, Falconbridge Limited: 41.1%)",Canada,Copper,"Horne Smelter in Rouyn-Noranda, Toronto, northwestern Quebec",48.244,-79.019,770,#N/A
"Highland Valley Copper (Teck Cominco Limited: 63.9%, BHP Billiton Ltd.: 33.6%, others: 2.5%)",Canada,Copper,"Kamloops, British Columbia",50.667,-120.333,4500,TECK
"Huckleberry Mines Ltd. (Imperial Metals Corp.: 50%, Japanese consortium: 50%)",Canada,Copper,"Huckleberry Mine in Omineca, central British Columbia",56,-124.883,37 copper co,#N/A
Imperial Metals Corporation,Canada,Copper,"Mount Polley Mine, British Columbia",52.117,-124.85,17 (copper c,#N/A
Inco Limited,Canada,Copper,"Smelter in Sudbury, Ontario",46.5,-80.967,500,#N/A
Inco Limited,Canada,Copper,"Refinery in Sudbury, Ontario",46.5,-80.967,170,#N/A
Northgate Exploration Limited,Canada,Copper,"Kemess Mine, British Columbia",57.033,-126.783,28 (copper c,#N/A
Inco Limited,Canada,Copper,"Thompson district, Manitoba",55.75,-97.867,varies,#N/A
"Falconbridge Limited (Noranda Inc.: 58.9%, Falconbridge Limited: 41.1%)",Canada,Nickel,"Craig, Fraser, Lindsley, and Lockerby in Sudbury district, Ontario",46.5,-80.967,54 (metal co,#N/A
"Falconbridge Limited (Noranda Inc.: 58.9%, Falconbridge Limited: 41.1%)",Canada,Nickel,"Raglan Mine in Ungave, QuÔøΩbec",61.65,-73.683,21 (metal co,#N/A
"Falconbridge Limited (Noranda Inc.: 58.9%, Falconbridge Limited: 41.1%)",Canada,Nickel,"Smelter in Falconbridge, Ontario",46.567,-80.817,45 (rated ca,#N/A
"Falconbridge Limited (Noranda Inc.: 58.9%, Falconbridge Limited: 41.1%)",Canada,Nickel,"Montcalm Mine, 70 km west of Timmins, Ontario",48.417,-81.367,"2,000 (ore)",#N/A
Inco Limited,Canada,Nickel,"Gertrude, Stobie, Creighton, Copper Cliff North and South, Garson-Offsets, McCreedy East and West, Coleman, Crean Hill, and Totten in Sudbury di",46.45,-81.167,106 (metal c,#N/A
Inco Limited,Canada,Nickel,"Smelter in Sudbury, Ontario",46.5,-80.967,110 (metal c,#N/A
Inco Limited,Canada,Nickel,"Refinery in Sudbury, Ontario",46.5,-80.967,57 (metal co,#N/A
Inco Limited,Canada,Nickel,"Refinery in Port Colborne, Ontario",42.883,-79.233,30 (metal co,#N/A
Inco Limited,Canada,Nickel,"Thompson, Birchtree Mines in Manitoba",55.2,-97.483,62 (metal co,#N/A
Inco Limited,Canada,Nickel,"Smelter in Thompson, Manitoba",55.2,-97.483,82 (metal co,#N/A
Sherritt International Corp.,Canada,Nickel,"Refinery in Fort Saskachewan, Alberta",53.717,-113.2,24 (metal co,#N/A
"Carbonifera Victoria de Lebu S.A. (Empressa Nacional del Carbon S.A.: 99.99%, other private: 0.01%)",Chile,Coal: bituminous and lignite,"Victoria de Lebu Mine, Region VIII",-36.717,-73.117,85 (estimate,#N/A
Empresa Nacional del CarbÔøΩn S.A. (ENACAR),Chile,Coal: bituminous and lignite,"La Chulita and Trongol Mines in Curanilahue, and plant in Lota, Region VIII",-37.467,-73.35,100 (estimat,#N/A
Ingenieria del Sur S.A. (La CompaÔøΩÔøΩa CarbonÔøΩfera San Pedro de CatamutÔøΩn: 100%),Chile,Coal: subbituminous,"Pecket Mine, Region XII (open pit)",-52.75,-70.883,1100,#N/A
CorporaciÔøΩn Nacional del Cobre de Chile (CODELCO) (government: 100%),Chile,Copper,"Andina Mining Division, including Rio Blanco and Sur Sur Mines",-32.883,-70.233,240000,#N/A
CorporaciÔøΩn Nacional del Cobre de Chile (CODELCO) (government: 100%),Chile,Copper,"CODELCO Norte Mining Division, including Chuquicamata, Mina Sur, and Radomiro Tomic Mines",-22.283,-68.9,985000,#N/A
CorporaciÔøΩn Nacional del Cobre de Chile (CODELCO) (government: 100%),Chile,Copper,El Teniente Mining Division and Mine,-34.1,-70.45,440000,#N/A
CorporaciÔøΩn Nacional del Cobre de Chile (CODELCO) (government: 100%),Chile,Copper,"Salvador Mining Division, including Inca, Campamento Antiguo, and Damiana Norte Mines - (general coordinates of Chile)",-30,-71,75000,#N/A
CorporaciÔøΩn Nacional del Cobre de Chile (CODELCO) (government: 100%),Chile,Copper,Chuquicamata (CODELCO Norte Division),-22.317,-68.933,460000,#N/A
CorporaciÔøΩn Nacional del Cobre de Chile (CODELCO) (government: 100%),Chile,Copper,Las Ventanas Smelter (anodes and blister),-32.733,-71.048,400000,#N/A
CorporaciÔøΩn Nacional del Cobre de Chile (CODELCO) (government: 100%),Chile,Copper,Caletones (El Teniente Division),-34.1,-70.45,360000,#N/A
CorporaciÔøΩn Nacional del Cobre de Chile (CODELCO) (government: 100%),Chile,Copper,Potrerillas (Salvador Division),-26.433,-69.483,140000,#N/A
CorporaciÔøΩn Nacional del Cobre de Chile (CODELCO) (government: 100%),Chile,Copper,Chuquicamata (CODELCO Norte Division) (oxide),-22.317,-68.933,600000,#N/A
CorporaciÔøΩn Nacional del Cobre de Chile (CODELCO) (government: 100%),Chile,Copper,Chuquicamata (CODELCO Norte Division) (sulfide),-22.317,-68.933,85000,#N/A
CorporaciÔøΩn Nacional del Cobre de Chile (CODELCO) (government: 100%),Chile,Copper,Las Ventanas Refinery,-32.733,-71.048,335000,#N/A
CorporaciÔøΩn Nacional del Cobre de Chile (CODELCO) (government: 100%),Chile,Copper,Potrerillas (Salvador Division),-26.433,-69.483,130000,#N/A
CorporaciÔøΩn Nacional del Cobre de Chile (CODELCO) (government: 100%),Chile,Copper,Chuquicamata SX-EW plants (CODELCO Norte Division) (oxide),-22.317,-68.933,130000,#N/A
CorporaciÔøΩn Nacional del Cobre de Chile (CODELCO) (government: 100%),Chile,Copper,El Teniente SX-EW plants,-34.1,-70.45,2000,#N/A
CorporaciÔøΩn Nacional del Cobre de Chile (CODELCO) (government: 100%),Chile,Copper,Potrerillas SX-EW plants (Salvador Division) (oxide and sulfide),-26.433,-69.483,85000,#N/A
"Alliance Copper Ltd. (BHP Billiton plc: 50%, CorporaciÔøΩn Nacional del Cobre de Chile: 50%)",Chile,Copper,Bioleaching plant to process copper from CODELCO Norte concentrates in Chuquicamata,-22.283,-68.9,20000,#N/A
"CompaÔøΩÔøΩa Minera Carmen de Andacollo (Aur Resources Inc.: 63%, CompaÔøΩÔøΩa Minera del PacÔøΩfico: 27%, Empresa Nacional de MinerÔøΩa (ENAMI): 10%)",Chile,Copper,"Andacollo Mine, Region IV",-30.23,-71.086,22000,#N/A
CompaÔøΩÔøΩa Minera Cerro Colorado (BHP Billiton plc: 100%),Chile,Copper,Cerro Colorado Mine and SX-EW plant,-33.083,-71.65,125000,#N/A
"CompaÔøΩia Minera DoÔøΩa InÔøΩs de Collahuasi SCM (Anglo-American plc: 44%, Xstrata: 44%, companies led by Mitsui & Co. Ltd.: 12%)",Chile,Copper,"Open-pit mine, concentrator plant, SX-EW plant, at Ujina, Region I",-20.983,-68.6,"515,000 (est",#N/A
"CompaÔøΩÔøΩa Minera Quebrada Blanca (Aur Resources Inc.: 76.5%, Inversiones Mineras S.A.: 13.5%)",Chile,Copper,"Quebrada Blanca open-pit mine, Region I",-21,-68.817,80000,#N/A
CompaÔøΩÔøΩa Minera ZaldÔøΩvar (Placer Dome Inc.: 100%),Chile,Copper,"ZaldÔøΩvar open-pit, heap-leach mine, Region II",-24.167,-69.05,150000,#N/A
"Empresa Minera de Mantos Blancos S.A. (Anglo-American plc: 99.9%, other private: 0.1%)",Chile,Copper,"Mantos Blancos open pit mine, SX-EW plant, Region II",-23.55,-70.183,95000,NGLOY
"Empresa Minera de Mantos Blancos S.A. (Anglo-American plc: 99.9%, other private: 0.1%)",Chile,Copper,"Mantoverde open pit mine, SX-EW plant, Region III",-26.567,-70.317,60000,NGLOY
Empresa Nacional de MinerÔøΩa (government: 100%),Chile,Copper,"HernÔøΩn Videla Lira smelter (anodes and blister), Paipote, Region III",-27.417,-70.283,300000,PD
"Minera El Tesoro S.A. (Antofagasta plc: 61%, Equatorial Mining Ltd.: 39% )",Chile,Copper,"El Tesoro open-pit mine and SX-EW plant, near Chuquicamata and Calama",-22.333,-68.933,100000,#N/A
"Minera Los Pelambres S.A. (Antofagasta plc: 60%, Japanese Consortia: 40%)",Chile,Copper,"Los Pelambres open-pit mine, 200 km northeast of Santiago",-31.6,-70.833,360000,#N/A
"Minera Michilla S.A. (Antofagasta plc: 74.2%, other private Chilean investor: 25.8%)",Chile,Copper,"Michilla Mine and SX-EW and sulfide leaching plant, 1,500 km north of Santiago",-22.733,-70.267,55000,#N/A
Minera Sur Andes Ltda. (Anglo-American plc: 100%),Chile,Copper,Los Bronces Mine and Tortolas SX-EW plant,-34.2,-71.017,240000,#N/A
Minera Sur Andes Ltda. (Anglo-American plc: 100%),Chile,Copper,El Soldado Mine,-32.7,-71.083,70000,#N/A
Minera Sur Andes Ltda. (Anglo-American plc: 100%),Chile,Copper,Chagres Smelter (blister and anodes),-32.8,-70.967,162000,#N/A
"Noranda Chile S.A., FundiciÔøΩn Altonorte (Noranda Inc.: 100%)",Chile,Copper,"Altonorte Smelter, La Negra, Region II",-28.333,-70.833,290000,#N/A
"Sociedad Contractual Minera El Abra (Phelps Dodge Corporation: 51%, CODELCO: 49%)",Chile,Copper,"El Abra Mine and SX-EW plant, near Calama",-34.3,-70.883,250000,PD
"Xstrata (Credit Suiss Securities (Europe) Ltda.: 16.23%, Glencore Int. AG, Zug: 19.4%, other: 64.13%)",Chile,Copper,"Lomas Bayas Mine and SX-EW plant, Region II",-23.433,-69.5,65000,#N/A
"CÔøΩa. Contractual Minera Candelaria (Phelps Dodge Corporation: 80%, SMMA Candelaria, Inc.: 20%)",Chile,"Copper, gold, and silver","Candelaria open-pit mine, underground mine, and concentration plant; Ojos del Salado Mine and concentration plant, near CopiapÔøΩ",-43.068,-73.562,"232,000 (cop",#N/A
Empresa Nacional de MinerÔøΩa (government: 100%),Chile,"Copper, gold, and silver","Manuel Antonio Matta Plant, Paipote; Osvaldo Martinez Plant, El Salado; Vallenar Plant, Region III; and JosÔøΩ Antonio Moreno Plant, Taltal, Regio",-30.598,-71.2,"22,000 (copp",#N/A
"Minera Escondida Ltd. (BHP Billiton plc: 57.5%, Rio Tinto plc: 30%, Japan Escondida Corporation: 10%, International Finance Corp.: 2.5%)",Chile,"Copper, gold, and silver","Escondida open pit mine, 2 concentrator plants, and an oxide plant for and an oxide plant for cathode production (SX-EW)",-30.167,-70.967,"1,250,000 (c",#N/A
SQM Salar S.A. (subsidiary of Sociedad QuÔøΩmica y Minera de Chile S.A.) (private: 100%),Chile,Lithium carbonate,"Plant in Santiago, Metropolitan Region",-33.45,-70.667,33000,#N/A
"Acerias Paz del Rio, S.A. (private: 100%)",Colombia,Coal,"Paz del RÔøΩo, Boyaca Department",5.988,-72.752,600,#N/A
C.I. Prodeco S.A. (Glencore International AG: 100%),Colombia,Coal,"Calenturitas, Cesar Department",9.643,-73.623,5000,#N/A
"Carbones del Cerrejon LLC (Anglo American Plc: 33.3%, Glencor International AG: 33.3%, BHP Billiton Plc: 33.3%)",Colombia,Coal,"Cerrejon Centro Mines, Cerrejon Sur Mines, Cerrejon Zona Norte, and Oreganal Mines, La Guajira Department",10.972,-72.75,27500,#N/A
Drummond Ltd. (Drummond Co. Inc.: 100%),Colombia,Coal,"La Loma Mine (Pribbenow), Cesar Department",9.496,-73.849,22000,#N/A
"Mineria El Roble, S.A.",Colombia,Copper,"El Roble Mine, El Carmen, Choco Department",5.85,-76.2,3,#N/A
"Cerro Matoso, S.A. (QNI Ltd.: 100%, owned by BHP Billiton Plc: 100%)",Colombia,Nickel,"Cerro Matoso Mine, Montelibano, Cordoba Department",7.987,-75.425,55 (plant),#N/A
"Metals Enterprise S.A. (government: 50%, Sherritt international cooperation: 50%)",Cuba,Cobalt,"Moa, Holguin Province",20.657,-74.94,3,#N/A
Empresa NiquelÔøΩfera Comandante RenÔøΩ Ramos Latour (government: 100%),Cuba,Nickel,"Nicaro, Holguin Province",20.683,-75.533,12.4,#N/A
Empresa NiquelÔøΩfera Ernesto Che Guevara (goverrnment: 100%),Cuba,Nickel,"Moa, Holguin Province",20.657,-74.94,31.5,#N/A
"Moa Nickel S.A. (government, 50%, Sherritt International Corporation, 50%",Cuba,Nickel,"Moa, Holguin Province",20.657,-74.94,33,#N/A
Falconbridge Dominicana C. por A. (Falconbridge Limited: 85.26%),Domincan Republic,Nickel,"La Vega Province, town of Bonao, 80 km north of Santo Domingo",19.117,-70.617,28000,#N/A
"Grupo Solaire S.A. de C.V., Aluminio de Centro America S.A. de C.V., INCO Industrias Consolidadas S.A. de C.V., and others",El Salvador,Aluminum,Capital city of San Salvador,13.62,-89.27,2600,#N/A
"Exploraciones y Explotaciones Mineras Izabal S.A. (EXMIBAL) (Skye Resources Ltd.: 92.4%, government: 7.6%)",Guatemala,Nickel,"Fenix Mine and concentration plant, El Estor, Izabal Department (Inactive since closed by INCO Limited in 1997)",15.533,-89.35,9000,#N/A
"Aluminio y Derivados de Veracruz, S.A. de C.V. (private Mexican: 100%)",Mexico,Aluminum,"Smelter in Veracruz, Veracruz",19.2,-96.133,65,#N/A
"CarbonÔøΩfera de San Patricio, S.A. de C.V. (private Mexican: 100%)",Mexico,Coal,"Progreso, Coahuila",27.417,-100.983,1314,#N/A
"Industrial Minera MÔøΩxico, S.A. de C.V. (IMMSA) (Grupo MÔøΩxico, S.A. de C.V.: 90%)",Mexico,Coal,"Nueva Rosita, Coahuila",27.95,-101.217,1500,#N/A
"Minera CarbonÔøΩfera RÔøΩo Escondido, S.A. (Grupo Acerero del Norte, S.A. de C.V. (GAN): 51%, and Mission Energy: 49%)",Mexico,Coal,"Mina I, Mina II, and Tajo I at Nava and Piedras Negras, Coahuila",25.667,-102.967,4000,#N/A
"Minerales de Monclova, S.A. (Altos Hornos de Mexico, S.A. de C.V. (AHMSA): 100%)",Mexico,Coal,"Mimosa and Palau Mines; Muzquiz Washing Plant at Palau, Coahuila; and coking plant at Monclova, Coahuila",27.917,-101.417,3000,#N/A
"Mexicana de Cananea, S.A. de C.V. (Grupo MÔøΩxico, S.A. de C.V.: 90%)",Mexico,Copper,"Mine and smelter at Cananea, Sonora",30.95,-110.3,"29,200 (mill",#N/A
"Mexicana de Cananea, S.A. de C.V. (Grupo MÔøΩxico, S.A. de C.V.: 90%)",Mexico,Copper,"La Caridad Mine, Smelter, Refinery, and Rod Plant at Nacozari de Garcia, Sonora",30.4,-109.65,350 (smelter,#N/A
BHP Tintaya S.A. (private: 100%),Peru,Copper,"Tintaya Mine, Cusco Department",-13.59,-71.933,90,#N/A
CÔøΩa. Minera Atacocha S.A. (private: 100%),Peru,Copper,"Yanacancha Mine, JunÔøΩn Department",-12.2,-75.417,30,#N/A
CÔøΩa. Minera Condestable S.A. (private: 100%),Peru,Copper,"Condestable Mine, Mala Mine, Canete Province, JunÔøΩn Department",-10.699,-75.769,20,#N/A
CÔøΩa. Minera San Ignacio de Morococha S.A. (private: 100%),Peru,Copper,"Yauricocha, JunÔøΩn Department",-12.3,-75.75,60,#N/A
CÔøΩa. Minera VolcÔøΩn S.A. (private: 100%),Peru,Copper,"San CristÔøΩbal, Mahr TÔøΩnel, and Andaychagua, JunÔøΩn Department",-11.741,-76.058,60,#N/A
"CompaÔøΩÔøΩa Minera Antamina S.A. (CMA) (BHP Billiton plc.: 33.75%, Noranda Inc.: 33.75%, Teck Cominco Ltd.: 22.5%, Mitsubishi Corp.: 10%)",Peru,Copper,"Antamina Mine, Huari, Ancash Department",-9.333,-77.233,1000,#N/A
"CompaÔøΩÔøΩa Minera Antamina S.A. (CMA) (BHP Billiton plc.: 33.75%, Noranda Inc.: 33.75%, Teck Cominco Ltd.: 22.5%, Mitsubishi Corp.: 10%)",Peru,Copper,"Antamina Concentrator, Ancash Department",-9.767,-77.1,400,#N/A
Doe Run Resources Corp. (private: 100%),Peru,Copper,"Cobriza, 350km SE of La Oroya, Huancavelica Department",-12.7,-74.4,70,#N/A
Doe Run Resources Corp. (private: 100%),Peru,Copper,"Smelter at La Oroya, JunÔøΩn Department",-11.533,-75.9,65,#N/A
Doe Run Resources Corp. (private: 100%),Peru,Copper,"Refinery at La Oroya, JunÔøΩn Department",-11.533,-75.9,60,#N/A
Glencore International AG (private: 100%),Peru,Copper,"Casapalca, Lima Department",-11.65,-76.233,60,#N/A
"Sociedad Minera Cerro Verde S.A.A. (Phelps Dodge Corp.: 55%, Sumitomo Metal Mining Co. Ltd.: 25%, CÔøΩa. de Minas Buenaventura S.A.A.: 20%)",Peru,Copper,"Cerro Verde, Arequipa Department",-16.531,-71.599,100,PD
"Sociedad Minera Cerro Verde S.A.A. (Phelps Dodge Corp.: 55%, Sumitomo Metal Mining Co. Ltd.: 25%, CÔøΩa. de Minas Buenaventura S.A.A.: 20%)",Peru,Copper,"Electrowon at Cerro Verde, Arequipa Department",-16.517,-71.7,90,PD
"Southern Peru Copper Corp. (SPCC) (Grupo Mexico, S.A. de C.V.: 54.2%, Marmon Corp.: 14.2%, Phelps Dodge Overseas Capital Corp.: 14%, others: 17.6%)",Peru,Copper,"Cuajone Mine, Moquegua Department, Toquepala Mine, Tacna Department",-16.95,-70.633,200 (Cuajone,SCCO
"Southern Peru Copper Corp. (SPCC) (Grupo Mexico, S.A. de C.V.: 54.2%, Marmon Corp.: 14.2%, Phelps Dodge Overseas Capital Corp.: 14%, others: 17.6%)",Peru,Copper,"Smelter at Ilo, Moquegua Department",-17.639,-71.338,320,SCCO
"Southern Peru Copper Corp. (SPCC) (Grupo Mexico, S.A. de C.V.: 54.2%, Marmon Corp.: 14.2%, Phelps Dodge Overseas Capital Corp.: 14%, others: 17.6%)",Peru,Copper,"Refinery at Ilo, Moquegua Department",-17.639,-71.338,330,SCCO
"(Suralco: 55%, BHP Billiton plc: 45%)",Suriname,Aluminum,Smelter at Paranam,5.617,-55.1,50,#N/A
"C.V.G. Aluminio del CaronÔøΩ, S.A. (CorporaciÔøΩn Venezolana de Guayana: 82%, Alcoa: 7.3%)",Venezuela,Aluminum,"Ciudad Guayana, Bolivar State",8.367,-62.667,210,#N/A
"C.V.G. Venezolana de Aluminio C.A. (CorporaciÔøΩn Venezolana de Guayana: 80%, Showa Denko K.K., Kobe Steel Ltd., Sumitomo Chemical Co. Ltd., Mitsubishi Materials Corp., Mitsubishi Aluminum Co., and Marubeni Corp.: 20%)",Venezuela,Aluminum,"Ciudad Guayana, Bolivar State",8.367,-62.667,430,#N/A
"Carbones de la Guajira, S.A. (InterAmerican Coal Holdings NV: 64%, Carbozulia S.A:, 36%)",Venezuela,Coal,"Mina Norte and Cachiri, Zulia State, Guasare Coal Basin",10.564,-71.67,1200,#N/A
"Carbones del Guasare, S.A. (Carbozulia S.A.: 49.6%, Peabody Energy Corp.: 25.5%, Anglo Coal: 24.9%)",Venezuela,Coal,"Paso Diablo, Zulia State, Guasare Coal Basin",11.101,-72.221,7000,#N/A
Loma de NÔøΩquel C.A. (Anglo American plc: 91.4%),Venezuela,Ferronickel,"Loma de Niquel, Aragua and Miranda States",9.983,-67.433,18,NGLOY
Loma de NÔøΩquel C.A. (Anglo American plc: 91.4%),Venezuela,Nickel,"Loma de Niquel, Aragua and Miranda States",9.983,-67.433,22,NGLOY